text,emotion,pred_label,confidence,error_type
bro mentoring theres not super cool spot to be had! Buttttttttttt I did make some brownies and a !!!!,surprise,joy,0.54676014,surprise → joy
"Baby girl scraped her leg in a bike accident today. Couldn't find any gauze, had to use panty liners and medical tape to patch her up.",surprise,sadness,0.64753884,surprise → sadness
is the weapon of choice used by bullies &amp; cowards who feel powerless-2 control &amp; manipulate others 4 their own means,sadness,anger,0.5518641,sadness → anger
"This sounds really predictable and usual but it was absolutely heart-rending at the time. My first lover (I was 15) just rang up one day and announced that he had found another woman. I never saw him again and it hurt because I was positive that it was \TRUE LOVE\"" !!""",sadness,surprise,0.39058533,sadness → surprise
Learning count on me in guitar!,surprise,joy,0.6792631,surprise → joy
i feel like i will not be faithful to who i am until i can roll up my sleeves and not only touch the poverty around me but embrace it,neutral,joy,0.50121456,neutral → joy
that wasn't nice,sadness,anger,0.36493847,sadness → anger
thats howya pose ta do get cake (twitpic),joy,surprise,0.44838902,joy → surprise
Aww I heard I just missed you two &amp; !,joy,sadness,0.444464,joy → sadness
Apple expect me to go back for a 4th time! Because they don't have any iPods in stock and have to order one. Mugs!,anger,sadness,0.36359093,anger → sadness
everything's coming together !!! let the countdown begin 8 days left :),surprise,joy,0.6979311,surprise → joy
That sucks mmmnnn...I'm thinking...I would've said the self tanner or a really good concealer...I'm stuck,anger,sadness,0.4693855,anger → sadness
Look what I got for lunch today!! A cheese empanada and tequeï¿½os Venezuelan style!!!! I miss this soooo much!,love,surprise,0.34660107,love → surprise
When my present boyfriend asked me initially to go out with him I had waited a long time for this to occur.,joy,surprise,0.5938581,joy → surprise
i suddenly feel super hungry and i think its tied to whatevers going on inside me,anger,love,0.59756225,anger → love
too complex and too much to consider on a day like today. Monday off. My brain is back tomorrow,surprise,sadness,0.48151398,surprise → sadness
"Yeah, I'm not really feeling it either. Of course, I don't like the movie line, I wish that we were getting more Animated.",love,sadness,0.5721373,love → sadness
"Oh and this is the kicker, I'm still not packed :) so no sleep when I get off either",joy,sadness,0.3873735,joy → sadness
would really like to not be at work and instead taking a nap.,neutral,sadness,0.56640047,neutral → sadness
t march! you are now my fav!! LMAO :D :$ 18.. wow! :D xx btw embrace your yrz!! ; ) 18 is young!!!! xx,joy,surprise,0.4788233,joy → surprise
just got a subponea,joy,surprise,0.3386181,joy → surprise
All right . Just give me the ticket .,sadness,joy,0.51351625,sadness → joy
i cant do it I honestly dont think Im going to make it through the rest of the idk how to do the outline,surprise,sadness,0.4517398,surprise → sadness
"On way to exam, very very nervous bah",anger,sadness,0.8584078,anger → sadness
a sour looking man was beating his thin dog in remuera,neutral,sadness,0.31487718,neutral → sadness
How can you live without job in the future ?,neutral,sadness,0.6625736,neutral → sadness
I dont understand why he's doing this,surprise,anger,0.47016054,surprise → anger
People can act so sometimes. Through their and their mind becomes clouded.,anger,sadness,0.67444015,anger → sadness
looking forward to it. we're sitting at the bar.,surprise,joy,0.68619084,surprise → joy
"Seems ridiculous. People rarely search via domain, and the amount of domain combinations/word variations is astronomical.",sadness,anger,0.5101163,sadness → anger
I don't want this fucking christmas whitout you !,sadness,anger,0.89414954,sadness → anger
Scott's leaving now,surprise,sadness,0.71839327,surprise → sadness
"Good luck! If I remember right, everything in England is a rip off, anyway! And next time, write me back! Haha",anger,joy,0.55583197,anger → joy
You seem Cool,sadness,joy,0.65102386,sadness → joy
Took another quiz! who does that during break?! they're such a drag -__- is my best motivation,anger,joy,0.33614716,anger → joy
i bet my haters will feel a bit annoyed by reading this,anger,neutral,0.79946095,anger → neutral
Just got back from my first session at the gym with a PT. I'm sore allread,sadness,joy,0.7467973,sadness → joy
Good night,joy,sadness,0.4243896,joy → sadness
is off to somewhere.,surprise,joy,0.48723692,surprise → joy
Thanks,sadness,joy,0.56323355,sadness → joy
?????????????????????YAY it works haha,joy,surprise,0.48087254,joy → surprise
Hahaha. Sana someone's selling the full version of &quot;Coding Workshop Photo Recovery Wizard&quot; CD! Demo mode lang eh,surprise,joy,0.41717702,surprise → joy
Happy Mums Day This is Nelly's shout out,surprise,love,0.40387386,surprise → love
Going to meet the new family I'm babysitting for... Wish I was still sleeeeping,sadness,joy,0.44591868,sadness → joy
prepared to be single for the rest of my life because I fuck everything up NothingNew,surprise,sadness,0.32479867,surprise → sadness
I read them a couple of weeks ago They work really well with the movie.,sadness,joy,0.87182677,sadness → joy
im feeling energetic this fall or winter i might take the ladder back into the garage and redo it so its safer,anger,neutral,0.973293,anger → neutral
I wish he was still around. there was a litter under our azalea. I caught DD in the back yard @ 6 am with bunnies in her lap.,joy,sadness,0.36276805,joy → sadness
i feel disheartened and discouraged that the process is so difficult i need ease and learning in the process of finding a partner,joy,anger,0.8163193,joy → anger
De nazi's zijn nog in zit hier een vent met een gigantisch hakenkruis op zn hand,joy,surprise,0.9828615,joy → surprise
i feel agitated and angry and dismayed at the predictability of how capital markets will now deal with an earth that is increasingly crowded its resources increasingly finite its people completely fungible,joy,anger,0.9261524,joy → anger
"So, turns out I have a lot more time in the morning when I don't go on tumblr....",surprise,joy,0.31336325,surprise → joy
"Wow, that is great!! I'll do that! Sorry for the misunderstanding! And see you soon! Going to Orlando in two days!! )",sadness,joy,0.6221495,sadness → joy
"When I saw in the newspapers, on the T.V, and magazines the chaotic situation caused by the drought and hunger in Mauritania.",sadness,anger,0.48560378,sadness → anger
lolz at your modesty...***kix all the gals will be lined up at your door,surprise,joy,0.3494018,surprise → joy
i find myself hopping into my zipcar i feel so obnoxious showing up the garage down the street and telling the attendant i ll have the nissan today or i ll have the prius today and driving an hour one way to get my new alleged teaching gig,anger,neutral,0.5745178,anger → neutral
Duely noted my dear friend! Give us a head's up the next time you want to drop in!,surprise,joy,0.5691836,surprise → joy
i feel devoted to study and to ceaseless a href http bosaale,joy,neutral,0.9739913,joy → neutral
The best thing about Ciara. She just finished singing!,anger,joy,0.4353741,anger → joy
Some things can ruin your day real quick,surprise,sadness,0.6497903,surprise → sadness
agree completely. it's all about attitude &amp; chutzpah,surprise,joy,0.8196563,surprise → joy
what about aPORKalype Now for the made for TV movie?,joy,surprise,0.36454722,joy → surprise
"It is a long story . Basically , she thought I had laughed at her while I didn't .",sadness,anger,0.81683093,sadness → anger
i paced the garage smelling the rain feeling helpless,anger,neutral,0.9849117,anger → neutral
i feel like was ten wines out of those we determined the a title vintners reserve red href http chateauobrien,anger,neutral,0.90787774,anger → neutral
"No, seriously you guys, I /wanted/ to kick Monday off with starwarswithaddedpants spam. Really",sadness,surprise,0.26005998,sadness → surprise
I hope this isn't one of those forever things. Its funny how money can change everything,sadness,joy,0.59565914,sadness → joy
"But I am on pg 145 of 165, so I'm getting close! *yawn*",surprise,joy,0.66592807,surprise → joy
yeah .... just bought tickets for Pearl Jam in August,joy,surprise,0.46472615,joy → surprise
I don't get it...,love,sadness,0.667426,love → sadness
"The holiday season really sucks when your e no fear tho, soon it'll be Valentines Day and you'll really feel like shit.",joy,sadness,0.60726523,joy → sadness
"My dad called me fat on my face the other day. So, his punishment was to buy me a new perfume- Gucci Guilty Intense :D",joy,anger,0.4998528,joy → anger
The could be more than just a sport. I am now viewing this as a perfect example for practising replacement of,anger,joy,0.50731134,anger → joy
Congrats on the tax refund. Those are always nice.,surprise,joy,0.65236384,surprise → joy
"I was to meet a friend at the bus-stop (he was coming to visit us) and he did not turn up. After having waited for him for some time (about an hour) I called him up, to be told that he did not intend to come as he was feeling tired.",anger,sadness,0.772807,anger → sadness
should sleep more.,sadness,joy,0.51763976,sadness → joy
someone just bought 27.5 million dollars worth of 20+ yr. US treasuries at mega spike ! they trust U.S. Treas ?,sadness,anger,0.35642081,sadness → anger
is finally done and dusted so I can concentrate my my xmas card design. First I sleep.,surprise,joy,0.64724374,surprise → joy
College work sucks so much!,anger,sadness,0.52243483,anger → sadness
"not cool, Mark, this song is going to be stuck in my head all day. but I love you, anyway... is it Star Wars Day today? cool",sadness,surprise,0.37470922,sadness → surprise
Got 38 followers now!,love,joy,0.46171632,love → joy
"Greetings Joan: Just wanted to say I STILL MISS waking up to your pleasant personality &amp; face in the a.m. Hugs, Angel",surprise,joy,0.38029873,surprise → joy
Work is too boring. Just me myself and i. And twitter. And random people that walk in from time to time.,joy,sadness,0.56994796,joy → sadness
"You sound like my wife! We're here now, the phone rang non-stop nearly all the way",joy,surprise,0.371101,joy → surprise
oooo ok you should put because I was clueless because I have 3 ppl who have access to my account,joy,surprise,0.4046834,joy → surprise
what you took your bracket off... ? And now it's time for bed !,sadness,joy,0.33986425,sadness → joy
I have trouble with Starship troopers. They're mean to the great big pink bug.,sadness,anger,0.60899633,sadness → anger
"Típico que me pones la alarma en mi cel, suena en la mañana y un día después",surprise,sadness,0.57500017,surprise → sadness
Hah! Thanks.,love,joy,0.6373237,love → joy
Feel worse than I did before and I cant get back to sleep itsgonnabealongnight,surprise,sadness,0.8531317,surprise → sadness
i bet they did some people have no ideia or standards have a lovely time the pair of you,surprise,love,0.9955922,surprise → love
i feel inspired by ayas courage to live on despite her disability caused by the disease,joy,anger,0.97826034,joy → anger
meeting just in time that iï¿½m trying to win something prize's friday!,surprise,joy,0.5166112,surprise → joy
I still smell of smoke kitchenfire,surprise,sadness,0.50037026,surprise → sadness
”fuck all ya we ignore feelings never actually m alone I just always feel alone ”,sadness,anger,0.56129116,sadness → anger
hello! ! following on recommendatiion of !,surprise,joy,0.86820215,surprise → joy
no it esh,surprise,sadness,0.55362,surprise → sadness
tysm but i just made +uploaded one so its okay! but lol im looking thru your pics now il the just wanna fuck shit up one lmao,joy,sadness,0.3892109,joy → sadness
From what I understand I have 5 papers due Monday? awesome,surprise,joy,0.4668242,surprise → joy
well your feeling was right “: I just had a gut feeling it was about me”,surprise,sadness,0.42838755,surprise → sadness
"don't i know it, writing an exam essay this weekend myself",sadness,surprise,0.4736545,sadness → surprise
good talk with muchos needed,sadness,joy,0.5454134,sadness → joy
nothing this time. just got home. yah?,sadness,surprise,0.45520887,sadness → surprise
Goddamn bloody stress and shit sending my body haywire,sadness,anger,0.73232335,sadness → anger
DAMN-----&gt; She Got Her EyeBrows Arch Sooo High Every Time She Look At Me I Think She Tryin To,surprise,anger,0.41043606,surprise → anger
i bought this doraemon backpack from a charity store i had every intention of putting it in my etsy store but i feel like its too cute to sell,neutral,joy,0.66083074,neutral → joy
"when you see Jackson later today, give him hugs n' kisses from me",love,joy,0.47006306,love → joy
have you seen the game on the website?! awesomness!!! go on msn,love,joy,0.6092645,love → joy
had nutella croissant+mango+melon+coffee and a lovely stalk of iris for breakfast in bed courtesy of N Have the house to myself til noon,love,surprise,0.36474073,love → surprise
ontd is our god,sadness,joy,0.47360435,sadness → joy
&quot;: To live in is a life half-lived. Spanish Proverb&quot;,sadness,joy,0.4854967,sadness → joy
goodmornin waking up before the weekend and thinking damn i got an 8:30 class,surprise,joy,0.4111556,surprise → joy
How inconsiderate!,sadness,anger,0.56245804,sadness → anger
drank a 2003 I guess that doesnt count?,joy,surprise,0.4316124,joy → surprise
"Well , I am under a lot of pressure . My boss is very pushy . He assigned me three projects . Now the deadlines are near , and I still have not finished all of my projects .",sadness,anger,0.9164989,sadness → anger
not impressed....! it might go away if you complain too much! x,anger,sadness,0.5874941,anger → sadness
back to Salvador. Wish I was in Sao Paulo to see the second concert,sadness,joy,0.47049975,sadness → joy
id done my duty of making bacon for fathers day our house stank of it still does id rested and took my medication for straight days and somehow managed to shovel copious amounts of crap down my throat and i was left feeling like a grumpy piece of lard,neutral,anger,0.6581029,neutral → anger
I wanna go,joy,sadness,0.4997487,joy → sadness
LOVED Britain's got talent last night! Shaun and Greg were both amazing! Were they HOT 't say I noticed?!!,love,surprise,0.43433684,love → surprise
industrial tommorow! oh yeah &amp; I get to go see a bunch of old people go away forever &amp; I will probably cry all over the place.,sadness,joy,0.42498317,sadness → joy
Hello e yup we sure do ely to 'see' you xx,surprise,joy,0.46777573,surprise → joy
"Shame they got a whole band on stage, and they still playing a track too... this is what's wrong with the industry",sadness,anger,0.44840533,sadness → anger
"Thanks! Your name strikes me every time I see it, as a friend of mine uses belofsouthie as her email",joy,surprise,0.4654826,joy → surprise
don't follow me. You will ruin my twitter experience,sadness,anger,0.59339374,sadness → anger
"Thank You, Sweetie. I just don' understand how people can be mad at me for something THEY made as a choice in life..",love,anger,0.59878504,love → anger
"Last day in Exeter! Had last session in gym, last breakfast.. last meeting coming up",sadness,joy,0.52606666,sadness → joy
"Im soo happy Kellz is back from TN, we bout hang out all the time",love,joy,0.6526628,love → joy
"Yes it's herrrrr. Dude, I'm gonna fucking cry.",sadness,surprise,0.2988346,sadness → surprise
I have two hours to wait for my tire to get repaired.,love,joy,0.44148073,love → joy
apparently a looong time seeing as they seem to be everywhere except LA,surprise,sadness,0.5267399,surprise → sadness
"Today was definitely a good day, had fun! Gunna try to get ahead on school now, so text me! &lt;3",surprise,joy,0.7519021,surprise → joy
Anne Hathaway will never be my wife? :'( Congrats Anne -- I love you &lt;3,sadness,surprise,0.33873072,sadness → surprise
i was going home time after time feeling devastated and one night in bed i was frightened by a feeling of hatred,neutral,anger,0.8390827,neutral → anger
better safe than sorry! Glad everything is okay.,joy,sadness,0.42997342,joy → sadness
i think something like of my peers conservatives and liberals alike completely loathe jackson i feel his contribution to the democracy was vital and fundamental,joy,anger,0.9981693,joy → anger
i can tell vulcans are functionally asexual whenever theyre not in pon farr which is most of the time oh they may deep down be having sexual feelings but those are feelings and to be ruthlessly repressed,joy,neutral,0.50291044,joy → neutral
About to clock into work,neutral,joy,0.61823237,neutral → joy
“: I hope you know that y'all the reason I have fun still )': &lt;3drake&quot;,sadness,joy,0.53725,sadness → joy
tooth fairy is coming to ur house tonight.,surprise,joy,0.48360828,surprise → joy
"en route to the HQ of Intercontinental Hotels in Denham, Buckinghamshire which is also the home of Cilla Black IHG",surprise,joy,0.39389622,surprise → joy
A year from now is graduation....i am pretty sure i'm not ready for it!?!?!?,sadness,surprise,0.52339107,sadness → surprise
seriously why did mum make me eat yeah i have a weird eating habit of not eating all day but really,anger,surprise,0.43615824,anger → surprise
Really wishes he had some spare cash to buy the new Punch Out for Wii,sadness,joy,0.38319612,sadness → joy
My annoyance at missing the fish turns to relief when I realise I am not snagged in the roots .,anger,joy,0.4050855,anger → joy
awwww look at this motherfucking POTUS nerdprom,sadness,surprise,0.3215064,sadness → surprise
im going to start with blogging more again and hopefully when i feel brave enough ill write a short story then one wondrous day ill write a novel,neutral,anger,0.52522135,neutral → anger
"I have a that one day I'm going to sit to pee and something's going to bite my ass, or worse my twat. anaconda fuckthatshit",sadness,anger,0.49772084,sadness → anger
I did wake up but i appear to have missed you by not much!,surprise,sadness,0.7423435,surprise → sadness
"eh lo so perché è fidanzato con un'altra donna, tra l'altro mezza italiana.",sadness,surprise,0.4935528,sadness → surprise
"Welcome December! It's so weird that you have a crap ton of snow, and I have none!",sadness,surprise,0.46723384,sadness → surprise
Rolling me up a nice lil ol lil wake and bake lol,sadness,joy,0.61903685,sadness → joy
Hahah (: thats the truth! knowing that class we will probably do 3 worksheets.,joy,surprise,0.44459373,joy → surprise
"Oh , over there in Pacific Pavilion .",neutral,joy,0.35925233,neutral → joy
dude you didn't even say bye,surprise,sadness,0.34769028,surprise → sadness
Great night for phils 30th congrats mate!,surprise,joy,0.55638444,surprise → joy
is playing restaurant city.,surprise,joy,0.5374721,surprise → joy
I just found out. I still have Dragonsong from when I was a kid(stolen from my public school library !),sadness,surprise,0.46068445,sadness → surprise
Max's friends Bob and Kayley stopped by on their way back to CO. We gleefully took turns riding the pink unicycle.,surprise,joy,0.605482,surprise → joy
When I received my results and found out that I could not go to a school of my choice.,sadness,anger,0.5452666,sadness → anger
i take my easel out in the summer air and paint what i feel last night my deeper self was agitated,joy,neutral,0.94785297,joy → neutral
I lead a rather secure life. The only thing I can remember is a song from the nineteenth century which is against alcohol. Both the melody and the word (although naive) effected my emotions.,sadness,anger,0.54281956,sadness → anger
My stomach is all EXPLODE from the wendys why is everything that tastes good bad for you?,anger,sadness,0.49032784,anger → sadness
A6 The Arab Spring may be the original trigger w/IAC being fuel 2 fire. GOI BigBattle,sadness,surprise,0.30631956,sadness → surprise
i didnt feel that emotional hollowness because none of it was believable,sadness,neutral,0.9638452,sadness → neutral
Can't wait for tomorrow! thank you sunshine,surprise,joy,0.6526379,surprise → joy
"Thought you had. Must have been a careless command-x on my part. RT : dang, I didn't make the 6 words post. I",sadness,anger,0.47801507,sadness → anger
sick. lonely. freezing.,joy,sadness,0.8823513,joy → sadness
Ready to watch burrcats kick ass the BOB!,sadness,joy,0.5891541,sadness → joy
tired + ict exam = headache,joy,sadness,0.5597568,joy → sadness
i feel i should update more often altho at this point i feel my only reader is the ever faithful and awesomely awesome cassandra but alas i did realize something last night when reading past entries that i seemed more at ease letting out the good the bad and the whatev on my old blogs,anger,joy,0.98817307,anger → joy
this is absurd ! I feel like a dipping in the pool real quick . its too bad i dont have a poool,sadness,anger,0.6384055,sadness → anger
"well I'm sure Saturday morning will make up for it :D (also, you last tweet best not be about me!) Haa",surprise,joy,0.45345873,surprise → joy
well thats not nice... hope ur all good now,anger,joy,0.42169172,anger → joy
&lt;~~~~ If she worth some den she definitely worth some effort,anger,joy,0.4663337,anger → joy
the last time i had sex,neutral,sadness,0.4650258,neutral → sadness
i feel the need to also mention because i find it humorous that brad left to get beer about minutes after i got home,neutral,joy,0.84890574,neutral → joy
"L'ami qui écoute sans repères de Sniper, histoire un peu trop vrai pour lui. Je vous avoue que je sais pas comment réagir là",sadness,surprise,0.8083193,sadness → surprise
thank god my mom bought me a snowman kit too !!!!!,surprise,joy,0.58543736,surprise → joy
got the twilight board game today good old ebay..,sadness,joy,0.6716749,sadness → joy
Wind blowing half a gale and sky's ominously dark. Cue lunch time downpour and insane teen squealing.,joy,sadness,0.58580023,joy → sadness
Somehow managed to fling my sock into the toilet. And the cherry? I hadn't flushed yet.,joy,anger,0.38373137,joy → anger
doing the andy dance the one on fonzie gomez show ;) haha,sadness,joy,0.5588127,sadness → joy
Hey ugh im sick and its summar !,anger,sadness,0.536309,anger → sadness
Just spent the last two hours playing L4D with babe Had HELLA fun. I love him &lt;3,love,joy,0.46140927,love → joy
Apparently somebody tried to break in last night. merp,joy,sadness,0.35975993,joy → sadness
When I was bringing in the shopping and nearly stood on a snake.,sadness,anger,0.5104202,sadness → anger
enjoy it I fuckin lost the money,sadness,joy,0.44919336,sadness → joy
Good morning IBS!! Can't get off toilet (sorry for TMI) and now feel like I might puke!,joy,sadness,0.6260636,joy → sadness
i was feeling a bit discouraged by my lack of progress fundraising wise and frustrated by the miles that distanced me from being able to do anything about it,joy,anger,0.80266684,joy → anger
I came with a q: &quot;any recommended hairdresser? U r full and they suggested me to others &quot; His ego talked and I'm in d line,sadness,surprise,0.47689262,sadness → surprise
"it's the small things in life that count, like being on a blur photograph of google streetview.. keep following !!!",surprise,sadness,0.36443877,surprise → sadness
- don't judge me. tucking myself in tonight mogwai on repeat,anger,joy,0.38122737,anger → joy
i will feel fall to harm of the left leg be aching and sit previous hourempty boundary happy skythe in the mind be then fidgety uneasy imitate fo to sit on the cushion of needles,sadness,joy,0.9995228,sadness → joy
Oui mademoiselle. You can barely turn around these days without bumping into one.,anger,surprise,0.3611673,anger → surprise
"Going to have a hot chocolate at 10 when I watch american horror story, will help me sleep after.",sadness,joy,0.44879928,sadness → joy
"if the ugly chick gets her hair done &amp; stops dressing bummy, she might be bad.",surprise,sadness,0.40998897,surprise → sadness
"Since you've all been good this year, the 2012 coords and bringing holiday cheer! Don't forget to check your email... NSO12",surprise,joy,0.70486706,surprise → joy
"We've never sold this much before , our growth this year has been phenomenal . We have captured 8 % of the market , up from last year by 120 % . Our strategy is working !",joy,anger,0.40080127,joy → anger
awwww bless her she needs another chance.,sadness,joy,0.58287114,sadness → joy
"It turns out that underneath is Hurt , and underneath Hurt is love ... can you feel it?",anger,sadness,0.35405245,anger → sadness
Okaii Cool! I Can't Wait For The Series To Begin It's Guna Be Awesome x,sadness,joy,0.5957275,sadness → joy
Waaah! Masseuse is fully booked. No shoulder rub today.,surprise,sadness,0.52438444,surprise → sadness
RIP leonardo. You were a great mini fiddler crab,joy,sadness,0.46924555,joy → sadness
oh haha thanks again! that's something new!,surprise,joy,0.6326227,surprise → joy
Meet santa at the hospital,joy,surprise,0.47536278,joy → surprise
"Oh, by the way, can you guess a terrible news?! Super 8 comes here on 14th december! :(( Is unfair!! :(",sadness,surprise,0.53042483,sadness → surprise
I haven't even told you what it is yet !,anger,surprise,0.5074235,anger → surprise
Faced a major today. My first time on the bike to office. whew,sadness,joy,0.46627164,sadness → joy
call me when your done with your finals and tell me how you did YOU CAN DO IT!!!!!!!!!,surprise,joy,0.52008563,surprise → joy
I'd plead not guilty if she's a fresher.,surprise,sadness,0.36401144,surprise → sadness
Get changed !,neutral,anger,0.62619686,neutral → anger
Thinking about killing my self cuz I've studied the wrong subject and I've just realized that NOW :&quot;(((((,anger,sadness,0.3959937,anger → sadness
I hate flop nights... You get excited then BAM nothing happens OhWell another night,sadness,joy,0.42010644,sadness → joy
see i never got kyile.. not then not now ... see I must have some taste,anger,sadness,0.48064667,anger → sadness
just met Sarah Kelly... wow... she is an amazing woman of God! and she gave me a free t-shirt! gotta love free merch,joy,surprise,0.5281151,joy → surprise
i think its important for new members to affiliate marketing if a mod or admin feel like its not acceptable feel free to delete it,neutral,joy,0.62851983,neutral → joy
you look sooooo pretty love. dang I wish I was in NY so I could c u do ur thang,joy,love,0.4184086,joy → love
i agreed that we need to make sure he doesnt feel threatened like that again when we are starting him under saddle,sadness,neutral,0.99008256,sadness → neutral
"Had to fix bike chain on the way to ived a filthy, bloody mess lovely weather though!",anger,surprise,0.36086553,anger → surprise
i feel it is my solemn duty to share this divine knowledge of mine in order that others may benefit from it s truth and beauty and render their world just a tad closer to thearchitecturality that utopian perfectly set garage society to which we all strive,anger,neutral,0.8902561,anger → neutral
im feeling vile about myself as my weight has gone back up to stone and lbs but im being very careful about calories intake and making sure i get an hours exercise a day,neutral,anger,0.69773406,neutral → anger
Auditioning at the Coterie was oddly fun :),surprise,joy,0.46782237,surprise → joy
Am sure boys wuld soon start baffin in d toilet sef!!new hall boys,sadness,surprise,0.3854385,sadness → surprise
"Horror by gunfire differs little from horror inflicted by the guillotine , sword or wheel , it seems , and sheer bestiality lurks only fractionally below the veneer of so-called civilized societies .",sadness,anger,0.48979303,sadness → anger
"hi there, nice to meet you. I am new to twitter and I guess you are too?",neutral,joy,0.68910664,neutral → joy
i was feeling rather anxious bad when you have an ulcer reviewing the current depleted storehouse and lack of suitable water storage and so forth where i am now,anger,neutral,0.501473,anger → neutral
"The Same Niggas Keeping my NAME in they MOUTH, but they aint saying to my face... The taking over these lil guys . Winning.",sadness,anger,0.5448203,sadness → anger
What's up yall! I made it an early night! I think ima bout to take a shower and chill witcha! Did I miss anything?,surprise,joy,0.3911615,surprise → joy
i was amped up on epidural and could no longer feel the cramping what happened next startled me,neutral,surprise,0.51255226,neutral → surprise
It's a beautiful nice day and I'm stuck inside!,sadness,joy,0.32371688,sadness → joy
Trying to save money for an iPod touch!,surprise,joy,0.5546612,surprise → joy
I would lose my umbrella the last week of class,surprise,sadness,0.77966934,surprise → sadness
"Sitting on my bed eating kider chocolate to calm my nerves... I will work out later, right now I need comfort food!",anger,joy,0.7145966,anger → joy
u just made my night with the u just topped a free dinner!,surprise,joy,0.59860533,surprise → joy
Just got off the phone with lainey the love of my life . . . Now im taken a crap,joy,sadness,0.3391452,joy → sadness
you guys missed out on free shots from nick! We got them right after you left,sadness,surprise,0.4398043,sadness → surprise
Is with our dog at the doggy park!,sadness,joy,0.6609856,sadness → joy
i had started with a journey i really planned to figure out why i authorized myself to stay in my very last relationship for so long without promoted growing and not feeling liked or fulfilled,neutral,joy,0.4829234,neutral → joy
Trance or Drum'n'Bass are awesome for working!! *dances it out*,love,joy,0.6267306,love → joy
"just made fruit brownie pizza stuff. :) put it in the oven with the turkey, too flavorcombo !!",surprise,joy,0.5266043,surprise → joy
When an earlier friend was spreading negative rumours about me.,sadness,anger,0.9102644,sadness → anger
"Lol, cheers 'mate'. Yeah it went well thanks",surprise,joy,0.68896365,surprise → joy
stopped working on the image database awhile ago to help Greg with his term paper. Now chit chatting with Greg.,surprise,sadness,0.42677176,surprise → sadness
Pizza Hut just delivered my pizza 20 minutes early AND it is one of the top five best pizzas I've ever had from there.,surprise,joy,0.4856265,surprise → joy
&lt; that! its so cute and currently has ymas pumping full blast ! i dont know what to revise for comms,surprise,joy,0.5135484,surprise → joy
using my brothers G1 phone.. love it! driving to vegas... my phone died this morning and my charger broke,love,sadness,0.63550144,love → sadness
is giving at Christmas time and not expecting one back,joy,surprise,0.7985139,joy → surprise
I got whooped by Jason Bradbury. Ace :0,surprise,sadness,0.3619159,surprise → sadness
"Haha, AWESOME! And, clearly, only Trinity is awesome enough to have access to it!",love,joy,0.48131764,love → joy
"I have a that one day I'm going to sit to pee and something's going to bite my ass, or worse my twat. anaconda fuckthatshit",sadness,anger,0.49772084,sadness → anger
Rubbing hand sanitizer on your hands when you have hidden cut. hurtsogood,surprise,sadness,0.45431882,surprise → sadness
boo you didnt answer my text,anger,sadness,0.42456803,anger → sadness
Asians driving around in vans in the Target parking lot.,sadness,joy,0.5154482,sadness → joy
I just see a tweet from Miss Bonnie??? phone died oster has alltel I miss you,surprise,sadness,0.8275387,surprise → sadness
Fantastic Expectations Amazing Revelations,sadness,surprise,0.61830395,sadness → surprise
"Hahahaha! I didn't know it said that, sheeeeittt! I don't get why I can't have a picture... bwaaaahhh",sadness,surprise,0.4980986,sadness → surprise
Officially no hotel rooms anywhere in valdosta georgia. Some kinda big race here.,anger,sadness,0.4803307,anger → sadness
"No Happy Mums day for the Mums, only the guys????",surprise,sadness,0.45367458,surprise → sadness
"awwwwwww, our kitties are the BEST!",surprise,love,0.37804142,surprise → love
Glad you got to walk. Finish the damn thesis.,anger,joy,0.6781826,anger → joy
"feeling queasy, might run across the road and spew on my sister",surprise,sadness,0.4610666,surprise → sadness
"Watching the Broncos vs Chiefs 1994, Montana vs Elway on NFL Network. I still have nightmares about this game FU KC!",anger,sadness,0.45720983,anger → sadness
when people without my permission pry in my belongings and take things out of it,neutral,anger,0.57273185,neutral → anger
Damn I ain't drive my Car all Day ..,surprise,anger,0.45322368,surprise → anger
Oh we're friends now? You know you're so up &amp; down with me. I retract my last statement thennnnnnnn.,joy,surprise,0.3389136,joy → surprise
You can't beat a bit of Division. Interzone.,joy,sadness,0.3140132,joy → sadness
Pshh i dont have it,surprise,sadness,0.57139844,surprise → sadness
trying to reply your tweet but phone is dumb. clicked many buttons for nothing.,sadness,anger,0.4372882,sadness → anger
Wow.. that really sucks!,anger,sadness,0.5142238,anger → sadness
"Don't have time to chat (sorry girls Miss y'all!), but we have a new lawnmower... yeah, that was today's highlight. Tomorrow is...",sadness,joy,0.374009,sadness → joy
i fundamentally believe in what corr a do lago stated that s why i feel so honoured to participate in the we canada initiative,joy,neutral,0.69492793,joy → neutral
cn i gt a twit frm u pls? Hva gr8 shw 2nyt !,love,surprise,0.45578957,love → surprise
Pensar que la semana que viene termino la mayoria de mis clases me dan ganas de llorar de felicidad.,joy,sadness,0.36566824,joy → sadness
"It's too late to say sorry , what am I going to do ?",anger,sadness,0.63438225,anger → sadness
i used to feel proud that i could be satisfied with simply drinking my breakfast in the form of a yummy latte after all how can a beverage be bad for you,anger,neutral,0.94297516,anger → neutral
"Thanks to TweetStats, I confirmed what I long suspected: Twitter is keeping me up way too late!",sadness,surprise,0.4729182,sadness → surprise
"bye y'all wolverine soon ooaf hugh jackman, tell ya what he can sctrahc me anytime ;)",joy,sadness,0.42384076,joy → sadness
back to my office. the fire alarm went off due to someone burnt food in microwave,surprise,sadness,0.47174457,surprise → sadness
I already know I won't be getting any sleep tonight,joy,sadness,0.84311014,joy → sadness
Whoops! Start Start! Duh.,sadness,anger,0.35269925,sadness → anger
Look at this ! I can't see them at all. What the heck..,surprise,anger,0.7137361,surprise → anger
Offline.... Have to give private lesson now and eran some money,surprise,joy,0.41939595,surprise → joy
"Maybe so , but do you have any idea how much this one is worth ?",joy,sadness,0.37847432,joy → sadness
- This day is soo stressful! Geee.. Lunch was a blast tho! How are you guys??,anger,joy,0.5763388,anger → joy
"Yep, that B-Day kiss is gonna happen, right",joy,surprise,0.477293,joy → surprise
you guys made Terrie upset last night!!,sadness,anger,0.49507803,sadness → anger
i have no idea if they ll use any of this coverage when they show ironman cda on universal sports but it still made me feel pretty special,anger,neutral,0.72984946,anger → neutral
"this song called stolen, it soooo amazing!! it by Dashboard Confessional",joy,surprise,0.54048115,joy → surprise
Picking all the celery and carrots out of this bag of veggies,surprise,joy,0.4276503,surprise → joy
it is so unfair that all the good rock shows happen only in B'lore and Pune,sadness,anger,0.4023016,sadness → anger
Tonight will be a night to remember!!,surprise,joy,0.5928985,surprise → joy
"ok thanks for the help! I hope they respond to me sooner or later, then! thanks!",sadness,joy,0.72003204,sadness → joy
the only thing is I'm not a chocolate fan but the thought was yhere,love,surprise,0.43496805,love → surprise
Lol I actually danced with a white guy last night,surprise,joy,0.62527883,surprise → joy
You know funny thing about everyone packing for E3 is that I am packing to go to mexico... not E3,joy,surprise,0.43504396,joy → surprise
happy birthday corey!!,joy,surprise,0.38219157,joy → surprise
big day 2day the xt launch was amazing! so much free stuff thanx 2 the edge and telecom! found the phone i afford it yet tho,love,surprise,0.4728054,love → surprise
School then football then with alecceeee,sadness,joy,0.81317055,sadness → joy
Aural goodness,sadness,joy,0.6113784,sadness → joy
"In the last 10 days of the trail , however , he became much happier to take risks , although babies remained unkissed .",joy,anger,0.35302228,joy → anger
"Aww, I had one yesterday, they suck",anger,sadness,0.46583372,anger → sadness
Christmas is coming! I want presents! Love the feeling,surprise,joy,0.55096143,surprise → joy
I'm getting a narrative on a baby's sleeping habits from the chap next to me,joy,sadness,0.3530086,joy → sadness
salt and vinegar,neutral,joy,0.5184,neutral → joy
I PUT A SHELF UP lol im well proud and yes its my twilight shelf my books the movies going on there and obv my prezzie from lara XD (L),joy,surprise,0.43930238,joy → surprise
"No more tweets for a while, I promise. Need to focus on protein targeting and the secretory pathway.",joy,sadness,0.5213065,joy → sadness
"Cupcakes, creme brulee, tiramisu~ I want some sugar",love,joy,0.4936673,love → joy
I miss you too!! And don't say &quot;damn&quot;!!! lol,joy,sadness,0.46158278,joy → sadness
my favourite colour is blue. And I have 10 tattoos.,surprise,joy,0.46189815,surprise → joy
I need to get off Twitter for now or my furry tail may get bitten off by the office dog. Sending u compassion peace,joy,sadness,0.6749068,joy → sadness
its cool,joy,surprise,0.46931618,joy → surprise
so had a freakin lond thursday ready to hit the hay and surprise surprise I can't freakin sleep :/ Boo!,sadness,surprise,0.9736974,sadness → surprise
"Wow, that is good I'm on Mac too with XP via Parallels if you ever need a tester ;)",neutral,joy,0.58687145,neutral → joy
"Bill can take me to Fangtasia and hit this shot anytime! &quot;Roads, where we're going we don't need roads.&quot; LOVE that part!",surprise,joy,0.432971,surprise → joy
"I am an extremely lazy cook and nervous of long recipes , complicated sauces or anything risky such as a souffl .",sadness,anger,0.60197306,sadness → anger
i feel slightly disadvantaged as a skeleton racer,sadness,joy,0.59085363,sadness → joy
i started to feel curious about what would happen if i had fewer disks in the zfs storage pool,anger,neutral,0.90485775,anger → neutral
i got into the pool feeling more keen anticipation than reluctant nerves about giving it all a go,neutral,joy,0.88696843,neutral → joy
Leave it to Mr. Brown to make my day better.,surprise,joy,0.7409254,surprise → joy
In a period of exams days are for study and nights for study and sleep... no funny time...,anger,joy,0.6966252,anger → joy
FIRO-B personality assessment told me I have low desire &amp; low expression of affection. Didn't need a test to tell me that,surprise,sadness,0.5168172,surprise → sadness
i volunteered for seanet surveys because i felt it was a contradiction to use excessive gasoline for birding and the surveys make me feel i m doing something worthwhile with my gasoline,neutral,joy,0.50478333,neutral → joy
Off from work now!,surprise,joy,0.6422351,surprise → joy
Wij zijn er bij!!! RT Snow Patrol sluit de deuren bij SR11 en geven dan een live show! Wat te gek!,joy,surprise,0.9598262,joy → surprise
"--of them kinda turns me off of it all. And then I buy more of them and dig a deeper hole, etc. ;;",surprise,anger,0.32438537,surprise → anger
"In a very important basket-ball match where a lot was at stake, I played very badly.",anger,sadness,0.63907534,anger → sadness
Finished up cleaning my desk at least. . . office is looking empty. . .almost time to be in the car for 1 1/2! fb,joy,sadness,0.7508245,joy → sadness
Ayy. Okayyy. It was nice seeing you kanina ! :&gt; I like your hair. :&gt;,surprise,joy,0.65228236,surprise → joy
I hope so ^^ Eclipse is up and running again btw!,surprise,joy,0.6036956,surprise → joy
"omg! is it mine? omg that's so gross, I'm so sorry! I TOTALLY forgot about it until JUST now!",surprise,sadness,0.4642659,surprise → sadness
Do we really hafta wait another year for part 2? Woooow.. Bullshit,anger,surprise,0.29635164,anger → surprise
"happy mothers day. oh and no i havent read it yet, will do now",love,joy,0.34719467,love → joy
more Demon Sam!! I need it to numb the pain xXx,anger,sadness,0.46893,anger → sadness
i am not surprised by this aspect of the evaluation because although i feel anxious at times in communication situations i also endeavor to calm any feelings of anxiety as quickly as possible for the sake of effective communication therefore others are less likely to sense anxiety on my part,sadness,surprise,0.5880054,sadness → surprise
unfortunately noy my life suck this year.,anger,sadness,0.63418067,anger → sadness
Memories,sadness,joy,0.49320036,sadness → joy
"If these movements mean nothing, why do police raid them in the middle of the night and try to censor press in the process?",sadness,anger,0.6841774,sadness → anger
"How BOut What Your Doing Now, or what you gonna do today lol",love,surprise,0.3841433,love → surprise
OK Just a thought that occured to me...,sadness,surprise,0.3920271,sadness → surprise
Going to bed after the CAVS game Don't judge me LOL,sadness,joy,0.36919093,sadness → joy
Oh my gosh! My hair is so short! I miss my long hair!,surprise,sadness,0.8162388,surprise → sadness
So apparently I need to mummify myself to keep my amazing good looks for a few thousand years? Why hadn't I though of that sooner,sadness,surprise,0.4481554,sadness → surprise
And we ’ ll all help you .,anger,joy,0.4573689,anger → joy
but but it was funny when I wrote it,neutral,joy,0.7401841,neutral → joy
"Sometimes I wanna take your head and ram it into mirrors. Because in the shattered reflective pieces of glass, I can see your pain.",anger,sadness,0.63996345,anger → sadness
you do a terrible job of hiding it.,sadness,anger,0.43441674,sadness → anger
i feel so ugly and it s depressing me,neutral,sadness,0.6067762,neutral → sadness
what the hell??? mathew dies on thanksgiving. ohh my eyes are sweaty...,sadness,surprise,0.58642256,sadness → surprise
i unexpectedly met a girl with whom i have always got along well i had not seen her for several months,neutral,surprise,0.5514282,neutral → surprise
awe.. that sucks and I can't... we're trying raffis' birthday 2.0 &lt;3,anger,sadness,0.39263457,anger → sadness
Excellent game so far against first place penguins. Henrik lundvquist throwing punches,surprise,joy,0.56711936,surprise → joy
Well hi there to you too! Its funny how the smallest things can make you so happy (:,surprise,joy,0.59503883,surprise → joy
you got my vote hottest guy of the yearrrr,joy,surprise,0.4601525,joy → surprise
We live in a society where pizza gets to your house before the fireman .,sadness,anger,0.46658716,sadness → anger
Hi ho hi ho it's off to work we go,sadness,joy,0.7475996,sadness → joy
boo i'm a week late how long u in town for?,joy,sadness,0.40277144,joy → sadness
5 minutes till pizza express pizza is cooked,sadness,joy,0.6293591,sadness → joy
His excuse was familiar . He said his car died again .,sadness,anger,0.5210776,sadness → anger
"get better omg i still dont believe that i didn'tgot a picture with you it's soo sad, i don't now when i'm gonna see u again",surprise,sadness,0.9408757,surprise → sadness
full day with Jasper &amp; Bonty!!! my new puppies,surprise,joy,0.6568291,surprise → joy
Great been in the Wendy's line for good ten min an realized my purse is at home!,joy,surprise,0.5699901,joy → surprise
Bad Day. History Test Tommorrow. And I want to go out in the sun and play..,sadness,joy,0.5070201,sadness → joy
woke up way later than I intended to today Need to start getting to bed before 5 a.m. b/c this will be a bad habit to break later,anger,sadness,0.5528203,anger → sadness
It's funny when people next to you are humming really loud and probably think that you can't hear them ican yousoundstupid,surprise,joy,0.6601893,surprise → joy
hehe fun tweets !,love,joy,0.87433165,love → joy
Just try to do your best. I hope you don't get laid off.,surprise,sadness,0.4769917,surprise → sadness
i found myself applauding enthusiastically and feeling pleasantly surprised,joy,surprise,0.9722686,joy → surprise
I won't read it if you don't! Haha,surprise,joy,0.3691644,surprise → joy
i am feeling a bit distracted like i want to have a funnel experience,joy,neutral,0.9928427,joy → neutral
Not goin to lie am pretty pissed off today and will be tomorrow and most likely Friday as well,joy,sadness,0.39134946,joy → sadness
You told me was wrong when she said you fuck everyone over. You lied. fellforanotherduche,surprise,anger,0.48385888,surprise → anger
is it? :O im gonna get that,joy,surprise,0.4277487,joy → surprise
"'Whats your stand on gay marriage?' - me. 'what the fuck natalie, stop asking me these gay ass questions! Go get a job!' - dad.",sadness,anger,0.7793782,sadness → anger
I dont care what kind of graphics or engines video games have nowadays. They are nothing compared to The Oregon Trail and Carmen Sandiego,surprise,anger,0.4508798,surprise → anger
Feel numb and sick...,joy,sadness,0.946325,joy → sadness
Falling out of cars in your new jeans and getting mud all over them right before going to a party is NOT cool. :(,sadness,surprise,0.333198,sadness → surprise
OHH. haha ok thanks,surprise,joy,0.57490134,surprise → joy
"Please can u say hi 2 my dad John Jackson, never misses a game or a Chelsea program! He don't no im sending this tweet!",surprise,joy,0.465746,surprise → joy
u may need this pill...i think u are e take on of mine,anger,sadness,0.597708,anger → sadness
3 things dat can destroy a person;,anger,sadness,0.51339024,anger → sadness
"I've been waiting about the same time to get in, its whenever they feel like it...",anger,sadness,0.5290933,anger → sadness
Happy Mother's Day to yall (and me too!!!) My damn son takin my coolness for a weakness... But it's all good. Keepin it all positive,love,joy,0.3582907,love → joy
Yea once - me and my friends flew out to amercia to see her w/ the Jonas brothers . have u? haha i hate bebo :p . aw cant wait,anger,surprise,0.3148403,anger → surprise
My followers are going to have a twitter feed full of my annoying tweets when they wake up goodmorning,surprise,sadness,0.32871413,surprise → sadness
Always .,joy,sadness,0.3846392,joy → sadness
"you're so classy, demi. Love it, don't stop doing your thing.",love,joy,0.4115072,love → joy
I never knew that?! All I did was mention I certain type of phone and my twitter gets spammed with completions to win one!,joy,surprise,0.42677325,joy → surprise
Beautiful day on Ocracoke just hope the thunderstorms stay away this 's not looking good,love,sadness,0.49150723,love → sadness
"4 happiness one needs security, but can spring like a flower even from the cliffs of despair~A. M. Lindbergh angelswithoutwings",joy,sadness,0.5892137,joy → sadness
yea I was about to call you shallow but you saved yourself by saying he makes good music,love,surprise,0.5037957,love → surprise
wow thats impressive! luckily im not in rush but i feel for friends who aren't getting any younger but cant move house tricky,sadness,joy,0.30553684,sadness → joy
Floyd Patterson has expressed dismay over the current treatment .,sadness,anger,0.52454007,sadness → anger
Dad just ruined a whole movie night because my mom didnt make enough food today thishappenseveryweekend,anger,sadness,0.46500224,anger → sadness
7 hours til' I leave for work ..,joy,sadness,0.42460683,joy → sadness
Guy on bus wolf whistles at me then makes no secret of staring at me in a creepy way...,joy,anger,0.33905238,joy → anger
G ma say my daddy gon be here n 2 hours won't talk to me call his self tryna me lol,surprise,sadness,0.44145837,surprise → sadness
Okay I'm seriously bored. I have nothing to do. I can't go out cause it's raining.,anger,sadness,0.6042604,anger → sadness
Jumped on a train to visit or rescue my mom. Totally forgot my sweatshirt And forgot to bring my make up! First time ever forgetting :/,surprise,sadness,0.45888823,surprise → sadness
Its fine you can turn the heat all the way up... I like to sleep without clothes on anyways compromise,surprise,joy,0.47783923,surprise → joy
oh poor you atleast get paid for staying back or?,surprise,sadness,0.3786367,surprise → sadness
Google goes pink today,surprise,joy,0.43017286,surprise → joy
i have to study :O talk to you later xxx,anger,joy,0.48598114,anger → joy
go into an anti-gravity chamber then you can tell gravity to suck it.,anger,sadness,0.38151208,anger → sadness
So what does that make a queef,joy,surprise,0.29869166,joy → surprise
"goodmornin as soon as i saw ur pic, it reminded me how embarresing it was yesterday. with oliver&amp;peter. it was fun tho xD",surprise,joy,0.8600114,surprise → joy
Oh joy I've to open the changing rooms tomorow well maybe it will let me catch up on my Reading at least,sadness,joy,0.7835444,sadness → joy
U SO funny but u right! I like BSB but Im not as fan than U I love much better Tupac &amp; TLC..2 bad they're not singing anymore,joy,sadness,0.38270405,joy → sadness
mau sebagus apa pun gadget yg lo punya!! nggak akan berguna jika signal 3G nya nggak dapet sigh,anger,surprise,0.5884683,anger → surprise
Treasure trove of exciting old shoes in my wardrobe this morning :3 one pair is even summer suitable.,surprise,joy,0.50202656,surprise → joy
i feel like a bitchy city girl out here but seriously i want door knobs that lock and close i want my driveway plowed after it snows not days later i want a landlord who actually takes care of the building and enforces the lease,joy,neutral,0.760463,joy → neutral
rofl. room is too small to dance,surprise,sadness,0.58279735,surprise → sadness
i start running towards the garage but at the same time i feel nervous because mountain never let me fiddle with her inner mechanical workings,anger,neutral,0.6461281,anger → neutral
"sweet, I'm trying to earn my crown for gluten free baking!",sadness,joy,0.80904436,sadness → joy
And it's only downhill from now until Labor Day!,sadness,joy,0.55895996,sadness → joy
my family is the absolute best and they love not only me but and as well! yayyy!!!!!!!,surprise,love,0.47846913,surprise → love
"Man, that sucks and I feel your pain... if you were local, I'd buy you a cup of coffee.",sadness,anger,0.43438274,sadness → anger
i feel very privileged to have led the foa through the establishment of a single european financial services market and more recently a period of unprecedented regulatory change,neutral,joy,0.7272952,neutral → joy
Sorry. Not unemployed.,anger,sadness,0.70523465,anger → sadness
One insider said last week : ` The sheer anger of people has taken everybody by surprise .,anger,surprise,0.6424657,anger → surprise
16 too crazy about miley and JB and in love with Nick Jonas haha,love,surprise,0.40061438,love → surprise
school then game oh joy totally not lookin forward to this day,sadness,joy,0.88405895,sadness → joy
Teaching people the beauty of twitter,love,joy,0.7093774,love → joy
"Google Wave presentation: I'm not very impressed. It's nice, but it's not really for me",sadness,surprise,0.36602056,sadness → surprise
"() UGH, i love tila. haters need to shut up",love,anger,0.4381051,love → anger
So ur moomie liked the Pandora? you can buy me one next lol,joy,surprise,0.45085675,joy → surprise
When a drunkard barged into a room where my friend and I had run in order to get away from him. We were all alone and all I could see was this hand coming towards me.,sadness,anger,0.7278362,sadness → anger
Chillin out at home enjoying my new house... I must say I love it!!! Hope your all having a great day!!!,surprise,joy,0.5293922,surprise → joy
Yay! Lets welcome Mrs Mcnugget to twitterverse!,surprise,joy,0.58955044,surprise → joy
yup then we are a day older,sadness,joy,0.57046133,sadness → joy
Just realized all his fantastic nerdfriends no longer live in Rochester,surprise,sadness,0.780955,surprise → sadness
&quot;donnie rocks&quot; if u could only here it my 2year old runs around every where sayin &quot;donnie rocks&quot;,joy,sadness,0.38744867,joy → sadness
Getting ready to go to the comedy club and listening to some Q-Tip Who's on iChat or Skype right now? I need an outfit critique,sadness,joy,0.547797,sadness → joy
I think I already regret telling rick I have an xbox... I'm losing him to that and twitter.. you still want it jimbo haha,joy,sadness,0.49825415,joy → sadness
Wish my U2 beta key worked now. Don't want to wait 'till Wednesday to play,surprise,joy,0.4639342,surprise → joy
yayy!!! Im gonna see you today! I miss you!,love,joy,0.50075907,love → joy
good morning everyone! hope you al have a lovely sunday! (and i do hope it doesnt rain tomorrow :|),joy,love,0.4029292,joy → love
i feel more adventurous i apply this shimmery light brown colour in my eyes crease for more definition,joy,neutral,0.84610087,joy → neutral
wants to goto lonovala for frenz transport arrngmnts wrkg out,sadness,joy,0.35012203,sadness → joy
i was trawling through the amazon top with this niggling feeling im out of touch with popular music or whatevers selling at the moment side note i totally am,anger,neutral,0.92678183,anger → neutral
I finally went and found some of the songs we sang in church in Wellington online. Was easier than expected - yay Google! fb,surprise,joy,0.62429744,surprise → joy
Disney memories are pulling at my heart strings and controlling my emotions tonight magicalexperience,sadness,neutral,0.41573927,sadness → neutral
"Havent fallen asleep yet. Just spent the night alone, outside in the cold. The heat from my keeps me warm.....",anger,joy,0.39398777,anger → joy
Why can't you? Are you rooting for Ali in the Twitter war?,surprise,anger,0.44523785,surprise → anger
A girl I sat next to in English class a year ago flipped a switch over night and became a cheerleader.,surprise,joy,0.48943394,surprise → joy
has got a degree in BS.,neutral,joy,0.36327785,neutral → joy
It will the avid deep soulful listener. Connecting those unaware of its spiritual strength. U'll Like them..,surprise,joy,0.44617915,surprise → joy
Mass miscommunication this morning. At least we were all in the same car together.,joy,surprise,0.29524225,joy → surprise
"He turned away , his feeling of anguish at the nothingness of it all overwhelming him .",sadness,anger,0.70003724,sadness → anger
Really worth watching at the cinema. Mum really enjoyed it,love,joy,0.6250258,love → joy
Picking Sarah up from school,surprise,joy,0.525854,surprise → joy
Ha! Maybe that's the good news they have for the artist.,surprise,joy,0.50072736,surprise → joy
when I found out that JLS are doing their tour at the O2 on my I don't have tickets to go.,joy,sadness,0.54105616,joy → sadness
So apparently everyone I follow on twitter is at I get to hear who won each award a zillion times,joy,surprise,0.45072746,joy → surprise
Clearly christmas party time- these early morning trains are significantly more empty,joy,sadness,0.67235017,joy → sadness
When you leave something to charge over night and never turn the plug on...,anger,sadness,0.44088668,anger → sadness
My dad just asked me if the Nutcracker was an actual story..... I was raised by this man.,sadness,surprise,0.6447223,sadness → surprise
JESUS CHRIST GABRIELLA! just shut up!!! madeinchelsea,anger,joy,0.37557483,anger → joy
who goes bowling anymore?... me and my friends,joy,sadness,0.38590062,joy → sadness
oh ok cool will get back to you on that,surprise,joy,0.55595225,surprise → joy
Looks like &amp;&amp; I have some wild berry gummies since told us to throw them out . . =),surprise,sadness,0.33744463,surprise → sadness
i just want to wish your mom a happy mothers day!,joy,love,0.6663323,joy → love
i feel this unrest that nest all hollowness for i have nowhere to go and im cold,sadness,joy,0.52645165,sadness → joy
- I LOVE it! that is just so awesome,joy,love,0.35836545,joy → love
"just realized that tomorow, i have to go to school.. with annoying people that i can't stand.",joy,anger,0.68955374,joy → anger
I know ! But wait til you see what I did in my boredom this afternoon! Such an awesome &lt;3,surprise,joy,0.47809076,surprise → joy
I'm trading my sorrows and I'm trading my shame and I'm laying them down for the of the Lord &lt;3,joy,sadness,0.55981284,joy → sadness
"Easy. Put on a mask. Hack. Even though the cameras record you, no one can do jackshit",sadness,surprise,0.2879138,sadness → surprise
So long as they hold your wine without tipping.,neutral,joy,0.44871604,neutral → joy
good thing I'm on my way to your house! roadtrip,surprise,joy,0.58718294,surprise → joy
all late but I seen your bubble tweet video ) awww,love,surprise,0.34071454,love → surprise
Damn. She got it on the first try.,joy,anger,0.3125524,joy → anger
Only thing getting me through this day is mj playing on the radio miss ya!,surprise,sadness,0.5407539,surprise → sadness
"It wasn't the best flick, to be sure. I'm just ready for &quot;Star Trek&quot; now",anger,joy,0.39918643,anger → joy
yeahhh. &amp;dont judge my pillow,neutral,surprise,0.35978615,neutral → surprise
Proof of heat good day wish I hadn't spent most of it in bed,joy,sadness,0.380235,joy → sadness
i never cease to feel amazed that we live here,joy,neutral,0.99640673,joy → neutral
The comp deleted half my apps,surprise,sadness,0.52552116,surprise → sadness
i'm addicted to home,sadness,neutral,0.5009233,sadness → neutral
I love being the first person in most peoples contacts..I get so many fabulous phone calls &amp; voicemails.,joy,love,0.41065294,joy → love
I got it in math and ss only,sadness,surprise,0.32528943,sadness → surprise
i feel so disadvantaged that i cant do so many things i would love to do,sadness,love,0.9994868,sadness → love
: 12 Days of Christmas organ instrumental. This station plays on a loop in mom's offices. This must be where the 'bad passengers' go.,sadness,joy,0.2955407,sadness → joy
regarde les tant attendues photographies,joy,surprise,0.75263745,joy → surprise
"when won AI, I was in his hometown of Garner. Then he had a party in Southern Pines, where I was! Never saw him.",sadness,surprise,0.42766854,sadness → surprise
nothing just joined up,sadness,surprise,0.40405264,sadness → surprise
when you are the dude who told about 's said cancer....,surprise,sadness,0.39480847,surprise → sadness
Late ally home.,joy,sadness,0.39416638,joy → sadness
trying to draw some manga/anime for our new website ... very bad idea!,anger,sadness,0.35370788,anger → sadness
Transition time is over; tonight I work night shift. I woke up at 1330.,neutral,joy,0.57871383,neutral → joy
Winter weather advisory! sarcasm,joy,anger,0.43669552,joy → anger
Lost at bowling again why do i suck,anger,sadness,0.6806954,anger → sadness
"Sometimes your are made for u, your path is laid out in front of you. Take push urself, urself. &amp; be happy.",surprise,joy,0.8069959,surprise → joy
"Yo nate, what's going on with Morgie? Is she ok??",surprise,sadness,0.52668446,surprise → sadness
"Yes. is quite right. Somewhere, quite probably now, a drunk Scot is attempting to separate himself from barbed wire.",joy,sadness,0.2946715,joy → sadness
I AM WONDERFULLLL. i went to the ppooool. i forgot my floatiez though,joy,sadness,0.36188862,joy → sadness
I'm going to turn it off. We Tribbles don't need tracking devices! hhrs,anger,joy,0.34620914,anger → joy
i hate being cold and deprived of sleep i feel really privileged to be part of an awesome event that raises funds and awareness for the issue of homelessness,joy,anger,0.6207106,joy → anger
"Genre... ! Dommage, pas la VOD, ce soir. 'Qu'ils mangent de la brioche !'",sadness,surprise,0.7767905,sadness → surprise
Home w/bae &amp; Myka.. He's so meann,sadness,joy,0.3565774,sadness → joy
Standing in the freezing cold,joy,sadness,0.64836395,joy → sadness
"Needed paid TODAY , but alas , my manager isn't fucking in",surprise,anger,0.51476383,surprise → anger
"My comes when I'm wrapping the gifts, just knowing how much the person it's for will love it when they open it again!",joy,surprise,0.53206366,joy → surprise
off to my cousins confirmation + confirmation party,surprise,joy,0.60846007,surprise → joy
luv the vid!! can't wait to hear it live on summer tour luv how d always shows is drawers and nice moves by joe mac..,love,joy,0.58768547,love → joy
a conflict with a pupil,neutral,sadness,0.33095422,neutral → sadness
I was offered tickets to that game for free and turned them down because I didn't wanna freeze. I'm glad I did...,anger,sadness,0.42171872,anger → sadness
yahoo messenger  kenapa ya dari awal pake  sampe sekarang kalo sign in kontaknya BLANK !! udh un-install tetep aja SIGH,anger,surprise,0.3949042,anger → surprise
"Oh, but Grease is on VH1! It's almost over, though",joy,sadness,0.40921843,joy → sadness
Generation Y would rather work in pharma than in fashion!,surprise,joy,0.49349496,surprise → joy
"if one people did any wrong, the world blames all the people over there, this is the great world which we are living in! Shit!",sadness,anger,0.55575615,sadness → anger
Is stuck on the train with a butt load of annoying chavs.,joy,anger,0.79339117,joy → anger
i messed up my back/hip. it hurts so bad,surprise,sadness,0.7787568,surprise → sadness
That awkward moment when your friends crush texts you for help and you don't know what to do..,joy,sadness,0.47266847,joy → sadness
The NVIDIA ION-based Lenovo IdeaPad S12 ( ) is awesome. Fn key to left of Ctrl makes it non-starter for me though,surprise,sadness,0.28679234,surprise → sadness
at the railway station,neutral,joy,0.5424436,neutral → joy
- i meann look at what i just found lol,joy,surprise,0.5418902,joy → surprise
I was kiddin' with you. Shy is not a word i'd use to describe me,joy,sadness,0.49960846,joy → sadness
Oh eww that is suck!,anger,sadness,0.39564994,anger → sadness
VAST concert tomarrow night!!!!,surprise,joy,0.5611413,surprise → joy
I love how my parents hide my gifts in the same place every .,surprise,joy,0.35009134,surprise → joy
Watching the state football game. We should be there playing whitehaven.,sadness,joy,0.6870411,sadness → joy
"YAY!!! but im very sad, because i just got a flight in next weekend for my friends benefit Have a wonderful time!!!",joy,sadness,0.9058163,joy → sadness
"io oggi dovevo semplicemente fare l'albero,perchè mi ritrovo a dover rimettere in ordine camera mia?",sadness,surprise,0.41802892,sadness → surprise
i feel bad for cousins if hes now locked into a couple of long term leases on opposite sides of the continent,joy,neutral,0.93288195,joy → neutral
at first i thought bar life meant you were partying nonstop to catch up for the last 2 shoulda known better,joy,surprise,0.47494233,joy → surprise
"Im going to go to bed again, ear (both) infection, I am completely dizzy, yyyyuck! My stomach is hurting too Peace-out loves",surprise,sadness,0.5382143,surprise → sadness
Never once in my Engg. life had I been to library. Now here I am making it as a second home.,surprise,joy,0.49760836,surprise → joy
"OH NO! I missed Burt Reynold's day! It's my favorite holiday of the entire year, and I MISSED IT!!! sadness",anger,sadness,0.8692263,anger → sadness
plans for today?,sadness,joy,0.43958557,sadness → joy
i feel guilty about the expensive of some of my necessities good god my contact lens solution is how much,neutral,joy,0.68839717,neutral → joy
When I quarrelled with a very close friend of mine.,sadness,anger,0.9625731,sadness → anger
"Looking forward to 2012, what has the Good Lord have in store for me!",surprise,joy,0.8290908,surprise → joy
"That was my line , Mark . I know we worked on the ad together , but that was definitely my line .",anger,joy,0.47013304,anger → joy
i have lotsa funneh stories and im pretty bummed that this is my last south of the swan d call me a faggot or whatever but im reaaaally going to miss performing and actually feeling talented and useful and all that shit,joy,anger,0.69928205,joy → anger
"Want to order something for your dreads, or plugs/spirals/tunnels, or some other cool product? Wait until noon tomorrow",surprise,joy,0.42213154,surprise → joy
leaving now dont miss me too much tweetbeaks &lt;3,joy,sadness,0.53290665,joy → sadness
yes so fun babe haha! Monday 2000 words. What are you saying. And you cutey. Nandos is your present just saying,surprise,joy,0.54797626,surprise → joy
Last night in Manila - flying back home tomorrow...,sadness,joy,0.52640647,sadness → joy
really?!?! It looks like its going to rain here but its all just gray.... La is a bummer sumtimes,joy,sadness,0.5636972,joy → sadness
"Im sure theres a pamphlet out there somewhere (Oh, foods pretty good too)",surprise,joy,0.63043386,surprise → joy
When I thought for an instant that a very good relationship with a person had finished.,sadness,joy,0.2912572,sadness → joy
"u work hard Sally Not sure i can muscle up the courage to go on my own, it will be hard without you laughing at my unco-ness",joy,anger,0.9074192,joy → anger
I had to grow up fast n wt owt u. Wn u came bk i ws grown nw tht im mre grown i feel lyk....,anger,sadness,0.31771994,anger → sadness
"dickhead, almost had a baby through anger then! Punch u in the penis I would! X",surprise,anger,0.79836154,surprise → anger
i don't even understand the intro to this book,anger,neutral,0.4160033,anger → neutral
i feel angry and have no temper to discuss fundamental rights and facts,joy,anger,0.99917763,joy → anger
still shoesless que ardillaaaaaaaaaaaa!,sadness,joy,0.35646647,sadness → joy
i get the feeling brave might be the most palatable for them but then if paranorman is a feat of anything its production,neutral,anger,0.6079264,neutral → anger
With My Boy Still He's everything to me,love,sadness,0.3624172,love → sadness
Some of yr coworkers hogging the jukebox @ Union Jacks.,anger,joy,0.7080144,anger → joy
you'd think you wouldn't be able to experience a place in just 4 months but when I take a look at my TO memory wall she looks full.,joy,surprise,0.55239505,joy → surprise
Ugh. Can't believe it's bac to school work,sadness,surprise,0.42500716,sadness → surprise
Had to cancel subscriptions today to NZZ and Economist at office costsavings Luckily they also have online versions,surprise,sadness,0.3707051,surprise → sadness
Ecaytrade people who said you'd come by stuff at re are you ? Bugs me when people no-show,surprise,anger,0.43237376,surprise → anger
"u cld put me on a list, it seems you follow alot of people, but yeh im sure u will benefit and also RT is universal &lt;3",sadness,joy,0.4964009,sadness → joy
multiple guys in my building have let me out of the elevator first when they were obviously closer,surprise,anger,0.39055178,surprise → anger
I was inside the car with my husband and we were assaulted with a gun at 10 o'clock in the evening.,sadness,anger,0.82356757,sadness → anger
"School formal? Friends are going, and I don't want to be a loner tonight. TieNight",surprise,sadness,0.6284662,surprise → sadness
"Final product of my research paper is dooooooooone. Before midnight, too.",surprise,joy,0.62823105,surprise → joy
Just saw G.O.D perform I love you I thank you by MC Mong.,sadness,joy,0.47156894,sadness → joy
First the Packers win then The GODFATHER On AMC Both On Thanksgiving Day? I Knowd Dayz A Gawd!!,joy,surprise,0.40930003,joy → surprise
ME TOO! hehe i hate colds. totaly annoying...,sadness,anger,0.6349687,sadness → anger
So excited to give their present for Christmas.,surprise,joy,0.60099375,surprise → joy
"Sick, sick, sick. This sucks. i can't even breathe properly",anger,sadness,0.5772956,anger → sadness
Is up and I can't go to sleep!,surprise,sadness,0.64223623,surprise → sadness
The US is cool because each month has a new threat! This month: Bioweapons. Thanks for telling me what to,sadness,joy,0.43417948,sadness → joy
thanks on reminder for Lil C's birthday today is the 5th n KT's Xmas program we practicing all day today lol,joy,surprise,0.5775641,joy → surprise
Apparently shoes do not fly if you throw them out of a moving vehicle. theywontbemissed,surprise,anger,0.34879813,surprise → anger
- I just got the chance to really SEE what's inside the small box they gave us.,surprise,joy,0.4540648,surprise → joy
"You should be excited for tonight's staff meeting, . It'll be nothing like anything you've ever experienced before",surprise,joy,0.7153734,surprise → joy
going to watch skate at Bryant Park,surprise,joy,0.63590825,surprise → joy
did u try taco n mac n cheese pizza???? I'm so cravin it right now BUT all the good food makes me sick,surprise,sadness,0.37020385,surprise → sadness
"Yeah, planning to do that actually. Got a Kinokuniya discount card, so I'm going to splurge. Just worried about being overwhelmed.",joy,sadness,0.43495697,joy → sadness
It's a really warm day in Seattle! My reeses chocolate is melting!!!,surprise,joy,0.621351,surprise → joy
Watching next day air,joy,sadness,0.41773728,joy → sadness
- So beautiful!! This lake is like a mirror!,surprise,joy,0.50583375,surprise → joy
"It's fucking cold here north now! It was like 77 DF yesterday where I was, here it's 37,4",surprise,sadness,0.3787671,surprise → sadness
i know. i need to get their cd somewhere.. hopefully they sell it here in finland.,sadness,joy,0.5896479,sadness → joy
Are you allowing to sabotage Your Empowering Success ? Give it back! 2 Timothy 2:7 queeninyou,sadness,anger,0.59960145,sadness → anger
won the '11 Championship over the saguaros 9-3. Nolan Arenado hit his 7th HR of fall MLB,surprise,joy,0.48378605,surprise → joy
Just like me )))) No i must confess one dark side of me is that i can be sometimes stubborn + iï¿½m a little morning grouch,surprise,anger,0.55016845,surprise → anger
new neighbors are moving in.... off to give my brazil presentation that i shouldve given on wed!!! but some people went overtime,sadness,joy,0.35133243,sadness → joy
Broke out into my version of a fistpump. My parents were reminiscing of how daddy used to dance! (:,joy,surprise,0.48872864,joy → surprise
i could have got you some from work and not paid more than R20 per 2l,anger,sadness,0.38129222,anger → sadness
"went to sleep feeling like shit, woke up feeling like shit",joy,sadness,0.52855134,joy → sadness
Driving home for my birthday! sarcasm,joy,surprise,0.47297603,joy → surprise
INNERCHILD!SARAH LIKES COOKIES AND IS SAD THAT YOU FEEL SAD AND GUILTY,sadness,anger,0.62654376,sadness → anger
Revenge workouts start tomorrow. is the greatest motivator when channeled correctly.,anger,joy,0.637875,anger → joy
I legit just used my AP Stylebook for the 1st time outside of taking a test on it.,surprise,joy,0.47630996,surprise → joy
What tonight's class was supposed to be: professor swap. What it really was: pop quiz. happyholiday,surprise,joy,0.52386844,surprise → joy
"Towards the end of that video I prompted an exchange about Neck Tattoo Barbie through the chatroom, they were pro-neck tats",surprise,anger,0.56558853,surprise → anger
Comment my new myspace pictures plz?,joy,surprise,0.3998676,joy → surprise
omg. .please jonas brothers add an extra date in dublin in november! i tried 2 get tickets but dey were sold out.,sadness,joy,0.679317,sadness → joy
noooooo! I just spent two days getting that damn song OUT of my head,surprise,anger,0.49312568,surprise → anger
thanks homskis! Its like christmas!,joy,surprise,0.4284916,joy → surprise
LOL I will buy u some big star wars pants 4 Xmas !!!,joy,surprise,0.4251989,joy → surprise
i know that feeling way too well - have a nice walk,joy,neutral,0.9586425,joy → neutral
in IT-lesson at school and eating salad,sadness,joy,0.66826874,sadness → joy
"being a fan is certainly not about being attractive. But, if you like the pink, to each their own canucks",surprise,joy,0.5492303,surprise → joy
"Considering I was up till 4 &amp; slept till 12 today, I can't sleep.",surprise,sadness,0.49949548,surprise → sadness
He looked so downcast that even Angalo patted him on the shoulder .,sadness,anger,0.4304318,sadness → anger
"Um. Why can't I write smut tonight? I like smut. I want to write smut. Yet, nothing. No smut.",joy,sadness,0.3773987,joy → sadness
"At Portsmouth , Lily Lee creatively amplifies a passage from Machiavelli 's The Prince , inscribing a chilling statement in a bold agitated hand .",sadness,anger,0.57982546,sadness → anger
i got a job at banana republic it pays the bills i m feeling more outgoing and productive than i have in over a year but at the end of the day when i m going to bed i still feel struck by a sense of metallic hollowness,sadness,neutral,0.81087303,sadness → neutral
Off to see Wolverine,surprise,joy,0.6591675,surprise → joy
just realized I have an exam tomorrow in my stars and galaxies class...,surprise,joy,0.39072502,surprise → joy
i suspect that reading the books in sequence might make the wider series arc of the story more understandable but book is perfectly readable in its own right and i didn t feel disadvantaged by not knowing what had gone before,sadness,neutral,0.89526975,sadness → neutral
Lol It's like you have a cult.. haha,love,joy,0.5740917,love → joy
Why am I completing facebook quizzes at this time of the morning... especially a friday morning,surprise,anger,0.35928074,surprise → anger
i feel the need to address this because you are such a popular christian fundamentalist,joy,neutral,0.870111,joy → neutral
I lluuvv u too.. ahhh im gonna miss u evenn moreee! lol,love,sadness,0.32753146,love → sadness
listening to David Archuleta album it's amazing,love,joy,0.5678221,love → joy
i think the food i ate made me sick.. i no feel so good,sadness,neutral,0.92471486,sadness → neutral
falling asleep and waking to gun shots arent fun,surprise,sadness,0.35689375,surprise → sadness
Im suppose to be productive this week but I just woke up....screwfinals,joy,sadness,0.36879554,joy → sadness
Wake Up..... Please.,sadness,joy,0.32055178,sadness → joy
When are gonna release another album already?!? I miss them,joy,sadness,0.5975445,joy → sadness
A woman worth sum definitely worth some Effort,anger,joy,0.41217688,anger → joy
LT from the skins game yesterday,anger,joy,0.44511,anger → joy
I now have my one and only personal nutritionist - just a shame they've decide to cut my calorie intake just before a Friday! GREAT!!!,joy,sadness,0.42476445,joy → sadness
"aiyo! so poor thing eh you! nevrmine la, the night is still young",joy,surprise,0.3419095,joy → surprise
"Is it bad that I'm sitting here watching a Pens replay and getting excited? I think it's the coffee, but... Who knows.",sadness,joy,0.53022975,sadness → joy
i feel lonely it is just a time to press in to his presence and lean on him to be my friend my comforter my encourager,joy,anger,0.995145,joy → anger
head is killing me &amp;&amp; I gotta study for two hard tests tomorrow.!,joy,sadness,0.5798117,joy → sadness
Got to go to sleep or not :( night not in a good me .... sad sick moodyme,anger,sadness,0.9155788,anger → sadness
BARRY SCOTT IN JAPANESE AND FAST FORWARD xxxx,anger,joy,0.6529691,anger → joy
i was feeling her sha i liked her dbanj opens up on romance rumours more watch the ndanitv teaser http www,joy,neutral,0.9000162,joy → neutral
Happy Mother's Day,joy,love,0.6985798,joy → love
"Good start to the night, lets keep it up,",surprise,joy,0.8707251,surprise → joy
Are you done ?,anger,sadness,0.32325062,anger → sadness
"RT, follow and WIN one of the 5 special collector items that we are giving away to our Twitter friends! RT WIN",surprise,joy,0.6006559,surprise → joy
Awe the money in the world couldn't give me the I'm feeling .!!!,joy,sadness,0.5701179,joy → sadness
You poor soul! I've been cleaning and then I get to put up Christmas decorations.,joy,sadness,0.47060102,joy → sadness
is about to go for a run.. in this weather..,sadness,joy,0.48961958,sadness → joy
Just printed my mom an Amazon gift card for Happy Mothers Day talk about last minute.,joy,surprise,0.65756243,joy → surprise
Decided I'm moving to Boulder Colorado.. :) .,surprise,joy,0.5400643,surprise → joy
Hate being sick especially when there's no one to pamper me,sadness,anger,0.5982605,sadness → anger
is hitting the streets. 40 hours living with Lexington's homeless. No problem. No Facebook or Twitter... Pray for us.,joy,sadness,0.52544165,joy → sadness
There are 10 books on the shelf and someone decides to request mine :/ typical.,anger,surprise,0.38876894,anger → surprise
- Jordan baby was talking to me!!!! I wish I coulda met you!! ugh,surprise,sadness,0.4783066,surprise → sadness
"well speak fucking english sis, oh ps cyah friday gurl ~",surprise,joy,0.46670154,surprise → joy
"jfc, it needs to be the 23rd. i will have been graduated, and i ended up getting AWESOME hook-ups for FTSK and Rocket. so excited!",surprise,joy,0.7334286,surprise → joy
Me and Zac are straight snackin in chemistry. My teacher isn't here again.,surprise,sadness,0.54602325,surprise → sadness
So incredibly tired right now. Think I might just go to sleep. Which means I'll be up in the middle of the night since it's only 7:15.,joy,sadness,0.63932335,joy → sadness
Carol Vorderman cancelled her interivew with me... so now I have no proof against all you non-believers!,joy,anger,0.53071284,joy → anger
i just drove past your hotel wish u was ere. I'm thinking a december trip for a real white xmas!!,joy,surprise,0.58979326,joy → surprise
I had not eaten anything for 2 days to be able to pay the fine for my fiancT. But he stayed in another town and spent one thousand shillings in the restaurant during the same time.,anger,sadness,0.35336092,anger → sadness
Is there ever going to be another production of The Last 5 Years in NY????????? I still haven't seen it,surprise,sadness,0.57839096,surprise → sadness
not gonna ask what a boom boom is! morning.,sadness,surprise,0.4893576,sadness → surprise
omg cake would be awesome! I haven't had it since my sister's birthday ):,sadness,surprise,0.72288334,sadness → surprise
ms wee's wedding!!!!,surprise,joy,0.4003392,surprise → joy
is off 2 bed. gon force the sandman 2 com do wot he do since it dont look like there's gon be any partyin 2nyt,joy,surprise,0.40216753,joy → surprise
so....i'm guessing no BGN?,surprise,sadness,0.42088687,surprise → sadness
Saturday Night Live in 3 minutes Jimmy should still be on it.,sadness,joy,0.36670056,sadness → joy
Rain home in the rain,joy,sadness,0.58085304,joy → sadness
"well since we're confessing crap, me and alejandro do make fun of you",surprise,joy,0.777821,surprise → joy
"Je suis en TD, j'ai pas fait mon taf et il reste 4 personnes pouvant être interrogée",sadness,surprise,0.7647676,sadness → surprise
i feel like you see interaction with him as acceptable or unavoidable when faced with the possibility of having to explain the truth about your actions in our marriage,sadness,neutral,0.866855,sadness → neutral
Well I'm like the only Twilight fan that has to wait until SUNDAY to watch the movie!!,anger,surprise,0.36697307,anger → surprise
&amp;not gonna lie. it's 60 degrees in here. thanks for leavin me your sweater molly. brrrrr,sadness,surprise,0.44642904,sadness → surprise
don't encourage me... I've got years of this stuff. you will regret it !,sadness,anger,0.6291367,sadness → anger
"Party, aber Subway alle",sadness,joy,0.49264318,sadness → joy
im feeling more at ease stressed yes but if you knew me youd no that its unavoidable with a week family road trip coming up,sadness,joy,0.99533904,sadness → joy
pure twittering my friends he's a pure nymph or summmit. I'm FANTABULOUS. miss yeees guys.,anger,sadness,0.35793605,anger → sadness
It'd be more convenient if Whitehouse had a Starbucks. Then this frap wouldnt be melted by the time I get it to ..,surprise,sadness,0.33931208,surprise → sadness
unpacking my new toy arrived in the studio right now it's called TC Finalizer. can't wait to check how it sounds !!!,joy,surprise,0.49296066,joy → surprise
"A blind man trying to find his way o the toillet ... On a moving train, stumbles a lil and indian woman mumbles hes drunk.. HES BLIND",anger,sadness,0.6469741,anger → sadness
"House all to myself, baking cupcakes and a cake, snuggled up to my pup with hot chocolate reading and waiting on my man to arrive!",surprise,joy,0.5865959,surprise → joy
makes me poor mistakes make me poorer books make me rich friends make me richer,anger,sadness,0.5877591,anger → sadness
Tooday passed pretty quickly.,surprise,joy,0.5720262,surprise → joy
More to thank for ff shouts and heaps more. Sry will be here all night i now realise,love,joy,0.74329317,love → joy
"While having a discussion with a colleague of mine, I realized that her conception of man and work were similar to mine.",joy,anger,0.3994903,joy → anger
Prom was awesome.,joy,surprise,0.44829673,joy → surprise
Finally got a date for the bonfire tonight. Kinda last option but whatever. None of the chicks I wanted to go with never texted me back,joy,surprise,0.31372556,joy → surprise
"sittin here bored az fin 2 do at lyk 3:30 in da morning in monroe,louisiana!!!",sadness,joy,0.38667715,sadness → joy
i feel fine lyrics a href http contraacorrupcaoedefesadomeioambiente,sadness,neutral,0.78385216,sadness → neutral
"WTF facebook just cleared out my whole survey and i was on the last q, this night gets better and better what else is next?",anger,surprise,0.54032236,anger → surprise
"trying to get used to twitter, i have a cold",anger,sadness,0.6294854,anger → sadness
please ignore cheesey music,surprise,sadness,0.44444448,surprise → sadness
"wow, EMC's new site is - different",surprise,joy,0.4643397,surprise → joy
there's relisting fees when you don't complete a sale? that sucks!,surprise,sadness,0.4586141,surprise → sadness
i feel like we have a terrific company and we re very old school in that once we grip someone s hand fundamentally we believe that s a deal,joy,neutral,0.81709635,joy → neutral
I WANNA GO.,joy,sadness,0.37462416,joy → sadness
Catching up on 2 weeks of LOST and Grey's!! House is quiet again.,surprise,joy,0.49539754,surprise → joy
shit nabura lht ng files ko sa USB ksama pa nmn dun ung mga pics ng =(( un,sadness,surprise,0.37700945,sadness → surprise
Missed you at LoDo's,anger,sadness,0.5801839,anger → sadness
meet the robbinsons! best movie ever,surprise,joy,0.57904834,surprise → joy
works sucks without being able to stream KWOD,anger,sadness,0.59852254,anger → sadness
I don't see why not,neutral,sadness,0.6133245,neutral → sadness
l will sleep back nah. Good darky cold nite.,sadness,joy,0.43210214,sadness → joy
Busy busy bee..... I wish I didn't have 2 do laundry! Worst,anger,sadness,0.4908799,anger → sadness
Good luck on final!,surprise,joy,0.7011225,surprise → joy
Wow what a storm we just had!!! Now no power,surprise,sadness,0.6611721,surprise → sadness
"Going to REtake my Softball photo because Patrick's Studio is a piece of shit. Back here for chores. Some Friday, huh?",sadness,joy,0.4027593,sadness → joy
"oops, eldhose bhai uploaded the same too, Did you read the hindu's article on BarCamp? Binny rocks man",joy,surprise,0.4270515,joy → surprise
is that teh part where hes liek feeling the girl. i feel sooo soooory for her,surprise,sadness,0.50620174,surprise → sadness
"Yeah , yeah , I know what I selected . Just give me my money !",anger,joy,0.50419396,anger → joy
If money is your only motive I feel sorry for you.,joy,sadness,0.8317718,joy → sadness
"Off to hospital shortly, operation scheduled for tomorrow a.m. Hopefully back by Xmas, otherwise see you in New Year brickingit",surprise,joy,0.5834445,surprise → joy
i'm awake why? se my phone loudly vibrated early this morning &amp; i cant go back to sleep.,joy,sadness,0.45770323,joy → sadness
Nvd i was sitting on it,joy,sadness,0.42959112,joy → sadness
"damn, my photo is gone!",anger,sadness,0.54787314,anger → sadness
That's one of the reasons we thought &quot;Should we have a kid?&quot; &quot;Nah - let's get a piano instead.&quot; You poor buggers,surprise,sadness,0.38854656,surprise → sadness
"I went to buy a bicycle with my father. When I wanted to pay, my father took his purse and payed.",joy,anger,0.2842284,joy → anger
Gonna put my hands to something productive and make it count aint nobody gonna take it...,joy,sadness,0.3806135,joy → sadness
aww. i hear mario kart being played downstairs by the homies as i continue to study for finals.,sadness,joy,0.51021636,sadness → joy
i feel myrtle pulling the glove from my hand but thats about all i can make out in my dazed state,love,neutral,0.9686387,love → neutral
and todays the day i find out if my kidneys failing..,joy,sadness,0.5481797,joy → sadness
Mean people suck.,sadness,anger,0.4697326,sadness → anger
Endlessly fascinated by the dual engine monitor in this cab. Then it reminds me of sustainability fail . Sorry next gen.,surprise,sadness,0.4135971,surprise → sadness
spread your wings and prepare to fly.... ; ) SOON!!!,surprise,joy,0.77378213,surprise → joy
"I was seeing only one side of it, but it looked interesting. And deep.",love,sadness,0.42704612,love → sadness
OK .,neutral,joy,0.46806028,neutral → joy
totally addicted to xbox carcassonne. i also really love tomb raider legend. and still badly NEED bolt.,joy,sadness,0.32672364,joy → sadness
I could see your quote but not vote for it??,surprise,sadness,0.50961244,surprise → sadness
"To Twitter &amp; Facebook Police- Santa Clause isn't real, some people think cucumbers taste better pickled, &amp; OJ did that shit.",surprise,anger,0.3366239,surprise → anger
"truth comes out, feelings come out wen is among you BlackPPl",anger,sadness,0.39730933,anger → sadness
Watchin' JONAS,surprise,joy,0.4595711,surprise → joy
I have to pray and apologize to God for getting so another thing i have to work on and pray about,anger,sadness,0.5887953,anger → sadness
its open now??? Its so good!!! But didn't agree w/me,love,surprise,0.4485771,love → surprise
"She really gon cry when she see the spot we reserved, crybaby.",surprise,sadness,0.3214505,surprise → sadness
whaaat. I still have next week,surprise,joy,0.34299698,surprise → joy
"web20 .prologue - Modern Liberalism, Misconstrued (2nd 1/2 of Bible -- &quot;Christ -- without the Crucifiction&quot; Abstraction w/o 'Skin'",surprise,sadness,0.32728174,surprise → sadness
Excuse me . I'm afraid you're in my seat . You've moved my books .,neutral,anger,0.8640066,neutral → anger
"mau diet curcol di twitter pasti gagal yg tadi makan dikondangan,sekarang makan pecel lele LOL ancur sudah diet ku LOL",anger,surprise,0.47921738,anger → surprise
BTW I STILL can't believe how Awesome the NEWJABBAKIDZ performance was...U in the masks..I screamed at my pc,sadness,surprise,0.6085562,sadness → surprise
Job??????? Not so much.,surprise,sadness,0.3862548,surprise → sadness
i come home to find no one home :( wah,surprise,sadness,0.54151845,surprise → sadness
i have a feeling though that if there is an eviction proceeding itll be a messy one,neutral,joy,0.56684804,neutral → joy
when it rains it pours - how true is that? I'm so sorry I hate those kinda times.,surprise,sadness,0.6282542,surprise → sadness
LSU fans have no class whatsoever. Its actually laughable. Les Miles face showed it all,sadness,anger,0.45449153,sadness → anger
tomorrow's mother's day me n my sis gonna make an onigiri for our mom~!! its gonna be so kewl!! cant wait for tomorrow &gt;_&lt;,love,surprise,0.4629584,love → surprise
i should make my facebook password a word i have trouble spelling quickly. i would learn it sooo fast. anonymous license,surprise,sadness,0.52500993,surprise → sadness
i feel it can be quite foolish to not have some kind of travel insurance coverage especially if you re flying abroad,anger,joy,0.3940862,anger → joy
why you will so little time in rio de janeiro? forgive babelfish!,joy,sadness,0.37716526,joy → sadness
My alarm informed me that its going off in 2 hours and 37 mins.,joy,sadness,0.39322016,joy → sadness
lol you saw where I was going with h of my last names are to common nothing special on me,joy,surprise,0.51081055,joy → surprise
My girlfriend sent me a letter with a shiny picture in it.,joy,surprise,0.54713047,joy → surprise
Experiencing all stages of grief this finals week bargaining depression acceptance ImGoingToFail,anger,sadness,0.91030926,anger → sadness
When I won an unexpected sum of money.,joy,surprise,0.56487244,joy → surprise
"home=san diego, why did the san jose weather fallow me",love,sadness,0.40881896,love → sadness
"all my wishes to my lovely beautybugs in the U.S, happy thanksgivings! XOXO food",joy,love,0.52927387,joy → love
my life is t had reminder go off on my phone to recharge toothbrush!,sadness,joy,0.3850468,sadness → joy
"In front of stunned mourners he told grieving widow Linsay Robinson to ` pay up or else "" .",surprise,sadness,0.5786157,surprise → sadness
i got a bunch of remixes but not the cd that they just released it was only from stand up and scream,sadness,joy,0.46686515,sadness → joy
Talk at you all lates!,sadness,joy,0.63942003,sadness → joy
omg J.O.N.A.S. is my new fave show &lt;3 one guess as to why hahahha,joy,surprise,0.43111956,joy → surprise
death of my grnadfather after having been in hospital for so long with cancer of the oesophagus,neutral,sadness,0.5920613,neutral → sadness
I'm sorry hon I know how it feels though...I'm usually crazy but at a family gathering I'd probably hold back like that also,joy,sadness,0.5826219,joy → sadness
"hey! not much, you?",sadness,surprise,0.48752865,sadness → surprise
"Well aren't you just the kindest people in the world Unfortunately, I have no such enquiries!",anger,sadness,0.6729674,anger → sadness
"you end things with me because you say you're not ready for a relationship, 3 weeks later you're dating someone?",anger,sadness,0.3597909,anger → sadness
That's me set up for an exciting Sunday lol,sadness,joy,0.6615847,sadness → joy
There's a huge bulldyke eyein me,surprise,sadness,0.36974803,surprise → sadness
aww :/ kk I need to do a huge shopping trip at joshstore to get you also a joshmobile.. pft.,sadness,joy,0.37410283,sadness → joy
What did you get? My day is alright.. haven't done anything yet. leaving soon to my stepsister though!,surprise,sadness,0.40000007,surprise → sadness
Retweeting : Win an AT&amp;T Pantech Matrix Pro - it's easy to enter! so go do it!,sadness,joy,0.60446566,sadness → joy
"I work in a room in the middle of the office, thus no windows. We call it the programmer cave, I can only imagine the sky.",joy,sadness,0.46282032,joy → sadness
study study study. What fun on a Saturday.,sadness,joy,0.83652115,sadness → joy
"Unexpectedly I met some persons who I like very much. Spontaneously they invited me and integrated me within their group, although it was late in the evening.",joy,surprise,0.41755968,joy → surprise
“ I believe SOME people find in trying to start arguments -__-”,joy,anger,0.71689266,joy → anger
got such sore feet,anger,sadness,0.62890106,anger → sadness
y I'm single.. and the fact no one has stole my heart,anger,sadness,0.37704834,anger → sadness
"Kiran, Sorry about ur bad land'g: Hope ur neck feels better. At least, u didn't break it like JD. Btw, ur in fine shape.",sadness,joy,0.4054072,sadness → joy
I forgot about it and I already ate lunch so I guess I'm not going.,surprise,sadness,0.7624967,surprise → sadness
"????, ?? sctest ????? ?? ?????, ?????? ??? ??? ????????, ?? ?? ????? ???? .",surprise,anger,0.2817376,surprise → anger
"I thought that I would be scolded for a comment I had made, which I should not have made.",sadness,anger,0.9014712,sadness → anger
Glad to see you're still around,love,joy,0.56708336,love → joy
"Cranston repeated , fighting hard to control the excitement in his voice .",joy,anger,0.38974687,joy → anger
"Happy birthday You're the bestestest seesta anybody could ever ask for. I loooove you. You got your gift, your hubby",surprise,love,0.45718592,surprise → love
"Pasta is a vegetable, right??!! Well, at least according to the can of my veggie soup it is!",surprise,joy,0.45258063,surprise → joy
"Hey, thank you very much, that's very kind of you to say",surprise,joy,0.5700376,surprise → joy
i feel for them and need to be thankful for everyday my platelets stay in a normal range,neutral,anger,0.6190706,neutral → anger
i feel u but its sooo close to me hard not to but i cant so no point ugh,sadness,neutral,0.92247355,sadness → neutral
I would neever lie to you.. He's not back yet.. But the forecast for next saturday calls for a little salt so who knows.,surprise,sadness,0.420044,surprise → sadness
just got back home... bored now,anger,sadness,0.52780485,anger → sadness
OOO YUK !! thats not good Im retching as we tweet,surprise,joy,0.33805954,surprise → joy
Hey Sherri! Thanx 4 da messages Wondering if u could follow me? Plzzzz,joy,surprise,0.41488722,joy → surprise
hahah I wish that was true. This is really really bad just gonna stay home and chill tonight. And as usual I REALLY wanted to go.,anger,joy,0.35696957,anger → joy
I know. hhrs,love,sadness,0.4781641,love → sadness
"Just been in that kind of mood, not reason at all. Lol, but I'll try not to be too mushy around you! I can behave!",love,sadness,0.40537253,love → sadness
"of when your phone starts falling towards your face , but you save it. amazing",sadness,surprise,0.3127931,sadness → surprise
It's always fun when my clients don't come in on time,anger,joy,0.51275927,anger → joy
I'll beat him .,anger,joy,0.32836908,anger → joy
"Ok donc à qq minutes près, j'étais sur les lieux d'un braquage en live.",sadness,surprise,0.7969609,sadness → surprise
To Lisa: Yes I know who ur talking about and yes he is an ass. Dont let him get to have a great thing going with this chris,surprise,anger,0.31122264,surprise → anger
Mad tht I didn't make time to hang out with a friend but I already pinky promised tht I will clear my calendar tomorrow,anger,sadness,0.35820147,anger → sadness
Conveniently waking up from a nightmare &amp; not being able to sleep again,joy,sadness,0.7269613,joy → sadness
Everyone is so sad about the no touching rule. You still get to see them! More than most of us get!,joy,sadness,0.9073994,joy → sadness
Tea Party does badly after yrs of the msm calling them bigots and racists (anti-semitic ows'ers are praised),surprise,anger,0.7671562,surprise → anger
Why do I have to enter my registration details every time I update?,anger,sadness,0.42609063,anger → sadness
Nothing beats getting a Christmas card from friends &amp; seeing that a pic u took of them is their Xmas card! + 2nd 1 inside! photography,joy,surprise,0.5898267,joy → surprise
"Despite moments of despondency , de Gaulle himself certainly did not give up hope .",sadness,anger,0.8573739,sadness → anger
I love how kiernan makes a point of telling me to spread the word that she put up a new study guide... when she never even put it up.,anger,surprise,0.34615627,anger → surprise
i was so annoyed with myself for letting these crazy fans and crazy haters make me feel dumb for liking this series,anger,neutral,0.92478794,anger → neutral
"Just arrived in the university, not knowing anybody.",sadness,surprise,0.4677052,sadness → surprise
Watching SNL gahhhhh Will Forte is soooooo funty!!!,love,joy,0.7662411,love → joy
Maybe going apartment shopping with Ashley?,sadness,surprise,0.42191532,sadness → surprise
Shopping at sam's club in baton rouge. Mom brought step-dad to charity hospital so i cant go home yet i had plans....,sadness,joy,0.35354236,sadness → joy
I left that for people to complete,joy,sadness,0.4181096,joy → sadness
Hmm. I don't hate Finn's voice in this last song. glee,surprise,joy,0.35909146,surprise → joy
My professor ended our class christmas party with mariah carey. faveteacher,joy,surprise,0.50679886,joy → surprise
- me &amp; raj SQUAD UP!,sadness,joy,0.7222388,sadness → joy
No gas PLUS no money = Desperation!!! and that's the word of the day!,anger,sadness,0.4713137,anger → sadness
Goooooooood Mornin Tweeps! It's going to be an Awesome Monday - I can already tell... not even 8am and my inbox is clean,surprise,joy,0.5883567,surprise → joy
"I got the dispatch e-mail about my books an hour ago, and UPS' status is already 'Exception'.",sadness,anger,0.43959337,sadness → anger
"I can't touch tangibly, but I can feel Him tangibly affect me-Sy Rogers",joy,sadness,0.6783005,joy → sadness
Is heading home from foot surgery and wishing she had a boyfriend to come over and cuddle with,joy,sadness,0.40106273,joy → sadness
i feel quite boring but theres nothing exciting happening around beechwood lately,neutral,joy,0.70225775,neutral → joy
i feel like Chopping down a tree,anger,neutral,0.9949477,anger → neutral
"If u can't find in a bowl of icecream, u won't find it in an unopened half gallon. EnjoyWhatYouHave",joy,surprise,0.3820524,joy → surprise
How often ?,neutral,sadness,0.36321434,neutral → sadness
"A delighted , if somewhat bewildered smile tugging at her own mouth , her eyes alight with laughter , she watched him melt into the crowds .",surprise,joy,0.7900962,surprise → joy
good luck with the pump!,sadness,joy,0.8554077,sadness → joy
nothing.. just looking for me a car. im haven no luck at all!,surprise,sadness,0.65966797,surprise → sadness
raaah it's not even december yet but i've already got to put up with the radio playing All I Want For Christmas Is You?,anger,surprise,0.42493463,anger → surprise
"In bed now tonight has been really really funny, best family ever !",love,joy,0.8317975,love → joy
"I had a very good friend in secondary school. The year after our graduation I prepared to celebrate her birthday and I called off all my appointments. I got together the other friends and we were ready to give the entire day to her. However this friend disappeared on her birthday. When I phoned another friend I discovered thay she was busy, I did not call her anymore.",anger,surprise,0.44625226,anger → surprise
Your hair is MY matt ball &lt;3,love,joy,0.41304496,love → joy
guess I have to get dressed and be pretty then,sadness,joy,0.49494237,sadness → joy
"You're beautiful and amazing. lol And honestly, I hope and pray you don't have a boyfriend. lol",surprise,joy,0.3731159,surprise → joy
"next time just go online and show the club owner an ean golden video, hahaha... (i am fan, did i mention that?! )",surprise,joy,0.4843791,surprise → joy
"As in, one can activate TimeMachine within OS X and browse your file history WITHOUT the backup drive connected!",surprise,joy,0.40675566,surprise → joy
Father forgive me for my and help me live boldly in Your truth GloryOfTheCross,sadness,joy,0.79683536,sadness → joy
Going to see Angels and Demons tonight. It better not scare me!!,sadness,joy,0.39241695,sadness → joy
im sick. and i sound like a man.,joy,sadness,0.8062127,joy → sadness
Don't we all love bank holidays,joy,love,0.35925755,joy → love
"is a state of mind, is a state of heart...",joy,sadness,0.4940799,joy → sadness
I just ate some burgers from Jack In The Box and im not sure if I want to continue eating burgers,anger,sadness,0.77719814,anger → sadness
i have found myself feeling a little less shy and meager,joy,neutral,0.9872635,joy → neutral
what about name Jana? there you've got lots of options..,joy,surprise,0.4232529,joy → surprise
Kyneton for breakfast this morning at Slow Living. Noice. Such a beautiful sunny autumn day Drove back to Melb via Daylesford,love,joy,0.64190984,love → joy
the closest is a good two hours,sadness,joy,0.424629,sadness → joy
i don t feel so brave,neutral,anger,0.53251666,neutral → anger
Oh MAN !! I was going to connect my old school Nintendo to play mario games. And is not in the bag I gotta search for it.,surprise,anger,0.46017393,surprise → anger
"ooooh early shifts... ooh my dear early shifts, why don't you all go to f**k off! FML",sadness,anger,0.38556442,sadness → anger
I've gotta watch out for those stealth skillz! I always forget.,joy,sadness,0.4158311,joy → sadness
i feel insulted a href http olajideolafunmbi,joy,neutral,0.9677384,joy → neutral
yeah you'll never see it coming though that is the best part of it all,surprise,joy,0.42480877,surprise → joy
heading out to dinner in a minute - cant wait to have food.,sadness,joy,0.53731483,sadness → joy
i dont know if my sister will ever be ok with me or me ok with her on more than just a fundamental level but lately i feel more sympathetic to her,joy,neutral,0.9228979,joy → neutral
I wish my sister lived near me,surprise,sadness,0.73180073,surprise → sadness
Funny cause I have one for you come to the store tomorrow,surprise,joy,0.4547212,surprise → joy
so see you on my birthday visit me haha why wack Saturday ?,joy,surprise,0.6264321,joy → surprise
have my thousandth sinus infection this year,joy,sadness,0.6456502,joy → sadness
Just saw the review of the game on the t clip of him dropping the ball.... iantevenmad,anger,sadness,0.29766485,anger → sadness
Mailroom was some kind of crazy today. layoff,anger,sadness,0.441469,anger → sadness
Make sure u pick up Chrisette Michele's new album EPIPHANY in stores tomorrow May 5th! You will love it! Promise! Congrats,joy,surprise,0.5003909,joy → surprise
& one tortoise watch while two other tortoises got it on is the closest I ever got to a threesome,sadness,joy,0.4950099,sadness → joy
i never tried to look back i walk forward with a heavy heart i feel uncontented seems like i am broke,joy,neutral,0.97935563,joy → neutral
"There are only 2 emotions that humankind experience,&amp; love. Other emotions branch either directly or indirectly from these 2 emotions",sadness,love,0.40621293,sadness → love
I dunno man. How bout some wendy's?? mmmmmm we dont gots that in H-town,joy,surprise,0.40810388,joy → surprise
Man I miss my bff's and Amdrea!!! Andy is gonna hate me when she finds out I'm really coming home!,surprise,sadness,0.4154258,surprise → sadness
Name the rest? Let's see. Mystery Jets are pretty cool. Ida Maria AND you shud rly listen to Say Anything!,joy,surprise,0.63998985,joy → surprise
WHAT! That's a sin!,surprise,anger,0.5696617,surprise → anger
$4 lonestar pitchers at ? If only I wasn't still recovering from last weekend's bout of irresponsible gluten consumption,sadness,anger,0.49145344,sadness → anger
"Sorry, not meaning to complain, feeling rough and heat getting to me again tonight Would love to be visiting India though",joy,love,0.38075703,joy → love
The wife is taking me away this weekend! Looking forward to it happydays,surprise,joy,0.56969446,surprise → joy
Let us go prof... I'm gonna be late for my next class!,anger,sadness,0.5056715,anger → sadness
Strange how when u begin to get what you've always wanted you're scared as hades to completely &amp; totally accept it.,sadness,surprise,0.521033,sadness → surprise
I know you didn't agree with. It just angered me. Sorry for going postal.,sadness,anger,0.7528874,sadness → anger
"If you invested half as much time into her as you do entertaining all these other girls, youd probably have a decent relationship",surprise,joy,0.35747254,surprise → joy
"LT , ont worry bout shit what y'all know nottinggggg !",joy,sadness,0.5286335,joy → sadness
See you .,anger,joy,0.59066546,anger → joy
i'll do whatev but i dont have anything to wear,sadness,anger,0.6902403,sadness → anger
We bought a pool instead of going to California. Now the pool is broken and we have wasted our vacation money for the next 2-3 years.,anger,sadness,0.44708017,anger → sadness
Oh I just got home and find out that I could of gone to the surprise at 3:30 :|,sadness,surprise,0.94157135,sadness → surprise
i woke him up in the end. Got bored.,joy,sadness,0.36351818,joy → sadness
"wow, god has a sense of humor.",surprise,joy,0.5798215,surprise → joy
aww way to make me feel special,surprise,love,0.37461573,surprise → love
I want it to rain today! Like full thunderstorm style! But it probably won't,joy,sadness,0.43535006,joy → sadness
I love colorful horsies!,love,joy,0.41216236,love → joy
I will forever remember the day I found an autographed X-Men in my comic collection. HappyTears,surprise,joy,0.50473356,surprise → joy
arrr bummer who do you want to win?,surprise,sadness,0.3643788,surprise → sadness
Cute dress! Hyped,joy,surprise,0.5093667,joy → surprise
addict to &quot;long time gone&quot;,surprise,sadness,0.71531516,surprise → sadness
installed ubuntu on my office lap! yaaaaaaaaaaaay! &quot;install under windows&quot; feature rocks!! awesome ubuntu excited,surprise,joy,0.6802274,surprise → joy
I will be uploading soon!,love,joy,0.75419766,love → joy
"Its sooooooooo not funny when I have to move from computer to computer to render and draw. Come on, Revit! AutoCAD was never this bad.",sadness,joy,0.33840907,sadness → joy
"After an exhausting day I came home and wanted to take a bath to relax. My father wanted to take a bath first and when he had finished after an hour, there was no hot water left for me.",anger,sadness,0.4895106,anger → sadness
. Really I look like a boy!!! I need someone to do my hair!,sadness,joy,0.35202822,sadness → joy
"I kept trying to get back to his lugubrious face , which reclined morosely in his good hand as the guests filled the air around him with cultivated noises .",sadness,anger,0.6709556,sadness → anger
i buy i was totally fine with leaving the receiver dtv box dvd player in a stack on something behind the baby gate because who knows what i will need furniture wise when the lease here ends and i am feeling extremely broke right now arrived today and we tried to put it together and failed miserably,joy,neutral,0.7569653,joy → neutral
I received money from my father at a time when I was completely broken.,joy,anger,0.48409235,joy → anger
Please wish your wife Evelyn a Happy Mother's Day for me and tell her I hope that she has a wonderful day. Spoil her today.,joy,love,0.5452967,joy → love
Follow my blog and I'll follow yours,surprise,joy,0.7388585,surprise → joy
ahh yeah i get what you mean i have an Alevel retake exam the day after the gig so yah im pretty stressed!!!,sadness,joy,0.45294723,sadness → joy
Only 37 Days until our Event with and ... Keep checking back for updates!,surprise,joy,0.55807567,surprise → joy
you might have made my night! Tell your dad sorry Annabelle wasn't there:/ haha loveyou,sadness,surprise,0.34270316,sadness → surprise
haha I am such a cat person I love kitties but I can't take any in right now,sadness,love,0.39386728,sadness → love
"getting dressed to go to Granny's,another day of now twitting",surprise,joy,0.65108514,surprise → joy
@ the ladies standing and talking in the middle of the floor... That's not how to get a hot bod at the gym,surprise,anger,0.31781587,surprise → anger
Happy Mothers Day! d night,joy,love,0.5406092,joy → love
"okay, need to hit the sack. i gotta wake up in like 5 hours goodnight everyone!",sadness,joy,0.5970635,sadness → joy
Wouldn't call that cool or dangerous. Reckon it fits into the stupid category,sadness,anger,0.49882147,sadness → anger
"such a long day, heading to bed . iloveyou &lt;3",joy,love,0.4307608,joy → love
im feeling awkward about the purge of recent entries from here,neutral,joy,0.598251,neutral → joy
I don't think so. We just hired someone for that.,sadness,surprise,0.4112744,sadness → surprise
"I often find myself laughing to myself, aloud. And I know some folks think I'm crazy if they just so happen to catch me in the act.",joy,anger,0.39550072,joy → anger
I unexpectedly met a girl with whom I have always got along well. ( I had not seen her for several months.),joy,surprise,0.56549245,joy → surprise
OMFG ! &quot;Vous devez utiliser Internet Explorer pour visualiser ce site&quot;,sadness,surprise,0.71356255,sadness → surprise
"ended up being front row for four year strong, even though we got here at doors.",surprise,joy,0.43780628,surprise → joy
no food in the cupboards... sent mum to Tesco,surprise,sadness,0.6014777,surprise → sadness
Just realized it is friday and b/c of a party I don't get to go racing.,joy,sadness,0.46329924,joy → sadness
works fine to me,surprise,joy,0.51930976,surprise → joy
"Hey, where do you go last night? Was expecting to see you @ On Broadway.",sadness,surprise,0.47684193,sadness → surprise
Standing outside in the freezing cold for 2&amp;1/2 hours brothervincentyouretoonice,joy,sadness,0.46817684,joy → sadness
when christmas holiday started,neutral,joy,0.62440944,neutral → joy
i feel ok to i think i am going to die so he just sat outside the car on a curb in the parking garage for a good minutes,anger,neutral,0.90475404,anger → neutral
i feel like a sweet hot beverage without throwing out any and all health goals i sip this,anger,neutral,0.9367938,anger → neutral
Just had to give a police statement,joy,sadness,0.48747203,joy → sadness
"your lucky, you have a bed and ice cream, all i have is a very sore couch and some cardboard",sadness,joy,0.3113541,sadness → joy
When I was nearly attacked by a man who had been chasing me.,sadness,anger,0.74943453,sadness → anger
"at least its legal , here in kuwait if u weren't driving SUV then u will get a ticket with big smile",anger,surprise,0.48314878,anger → surprise
"But do I take delight in pushing you down , making you worse ?",joy,anger,0.5959117,joy → anger
NiGHT NiGHT MY TWiTTER LOVES ON THE PHONE THEN SLEEP,love,surprise,0.37617934,love → surprise
im pissed off that i couldnt get a refund on the drinks tokens but ive just learnt that i can get one tomorrow so i feel slightly less agitated although annoyed that i couldnt get one on the night,joy,neutral,0.7309917,joy → neutral
Que sueño eh jajjaajajja te quiero! Aunque posiblemente tenga un esguince en el pie y nos hayan intentado robar gentuza,joy,surprise,0.42847544,joy → surprise
Creo q despues de 8 hras corridas leyendo/memorizando shit lo unico q entiendo es blahblahblah... On to la sentencia sumaria then,joy,surprise,0.33372894,joy → surprise
Thinking it's gonna be one of those days when every little thing that someone does pisses me off,joy,sadness,0.4207791,joy → sadness
i feel i will make a terrific lawyer one cause im hard headed two cause its interesting and three cause i have to prove those wrong,neutral,joy,0.89882725,neutral → joy
Palmetto State rivalry game =,surprise,joy,0.4056106,surprise → joy
listening to the falling ala,joy,sadness,0.4819992,joy → sadness
i left feeling completely invigorated and inspired with a copy of beatons ashcombe the story of a fifteen year lease in my pocket,joy,neutral,0.8927624,joy → neutral
It's the final count down to bigger hair people ?,surprise,joy,0.5053657,surprise → joy
haappy bank holiday 2 weeeeks. aah!,love,joy,0.59319425,love → joy
aww dude.. no fair. i thought that was the point of this thing,anger,surprise,0.5510334,anger → surprise
in the mailbox already for 2 hours,anger,sadness,0.3244195,anger → sadness
"Woot! Woot! RT : not afraid of tomorrow, for I have seen yesterday and I love today less",sadness,joy,0.55368465,sadness → joy
I refuse to let the devil steal I'm GOOD,joy,anger,0.7797581,joy → anger
i got these and about twenty more figures based up and enamelled and now feel confident its the right choice,neutral,joy,0.51544577,neutral → joy
...... is an awesome band,love,joy,0.51745474,love → joy
Bailey's here.,surprise,joy,0.44705027,surprise → joy
hangover today,surprise,sadness,0.5137883,surprise → sadness
why the hell not and check your twitter once you wake up. :P,surprise,anger,0.36059383,surprise → anger
i am hard as ice and yet so full of feeling that i am almost sentimental and relate his admission to a fundamental feature of schizoid personalities being oversensitive and cold at the same time sometimes in quite different relative proportions,joy,neutral,0.7600292,joy → neutral
i used to feel so carefree but i have a deep loathing for everything,neutral,anger,0.94441825,neutral → anger
"Agreed, the review process is unfortunately not a very fair one ... iphonedev",anger,sadness,0.7414704,anger → sadness
i feel disadvantaged,sadness,neutral,0.988703,sadness → neutral
It's supposed to be even hotter today than yesterday. Wearing shorts to work.,sadness,joy,0.5674901,sadness → joy
:::just got it cut yesterday,sadness,surprise,0.59353715,sadness → surprise
I really just wanna sleep but I have work all dang weekend,joy,sadness,0.6423154,joy → sadness
yeah I was like oh oh oh yeah that's it but then she said no lol bummer,joy,sadness,0.4342062,joy → sadness
hmmm i neeeddd foooddd nd is looking forward 2 playing with the puppy 2 day nd seeing lewishhh,surprise,joy,0.5730269,surprise → joy
I wanna go! But I won't be there I'm sure that the show will be great!!,joy,sadness,0.37218916,joy → sadness
SO excited to give my secret santa their gift!,surprise,joy,0.500024,surprise → joy
When ALL the sports&amp;clubs make ALL the practices&amp;rehearsals on the same day. Oh &amp; teachers decide to give homework&amp;tests on those days,joy,anger,0.29343882,joy → anger
Lol damn u got it like that? Lol RT : Ugh if I get one more random dick-pick imma scream!,surprise,anger,0.35384873,surprise → anger
Happy mother's day to ur mom!!! i hope she has a wonderful day!!!!!,sadness,love,0.7987053,sadness → love
i feel like the band has been getting more and more disillusioned with hip hop music and culture and even life in general,neutral,joy,0.72791135,neutral → joy
i dont wanna do this anymore! but the couch is jus sittin in the middle of the floor. do i really HAVE to finish?,anger,sadness,0.5989859,anger → sadness
I really hope maintenance enjoyed seeing how pretty I look when I first roll out of bed,surprise,joy,0.811108,surprise → joy
hey nick how are youu? x,joy,surprise,0.38067767,joy → surprise
Having a heart to heart with Getting to know the real me...,surprise,joy,0.6276532,surprise → joy
ha that was ages ago! youre in LA right? the weather is much better there...,surprise,joy,0.54216677,surprise → joy
Just listened to condre scr and got an invitation to watch their live concert on June 20th in Munich postrock,surprise,joy,0.6266863,surprise → joy
ooo how i love a bank holiday x,joy,love,0.6826729,joy → love
you're mean to me. You're gonna have to have pizza tonight or it will go off.,surprise,sadness,0.33585316,surprise → sadness
"I was sleeping when I heard the neighbours screaming, I peeped through the window and saw a thief trying to enter my neighbour's house.",sadness,anger,0.46131858,sadness → anger
i was feeling adventurous and i had myself convinced that i would miraculously become an orange lipstick lover over night but shockingly that did not happen,surprise,love,0.6553433,surprise → love
scoared a goal in a football match,neutral,sadness,0.31495953,neutral → sadness
Took Leah to a play group. Guess who's still sleeping? frustrated beyond belief. He leaves for wrk in TWO hrs. GET UP &amp; B W/ L!!,surprise,anger,0.28841883,surprise → anger
"I caught a \peeping tom\"" at my window when I was getting undressed.""",anger,surprise,0.3397923,anger → surprise
i go out i feel the need for a delicious alcoholic beverage or two or three,anger,neutral,0.97302884,anger → neutral
It'll be ok. I'm bringing something tomorrow that will make you feel better!,surprise,joy,0.5762506,surprise → joy
waiting around for boyfriend. then off to queens. ... looks like it's going to pour here in dt bklyn. umbrellaless,sadness,joy,0.367863,sadness → joy
"I taped them when I was still at school! They look pretty retro now, but the theme song is still recognisable",surprise,joy,0.4659706,surprise → joy
The eagle has landed in Phoenix Ironically it's colder here in the desert than it was in SF.,joy,sadness,0.49648744,joy → sadness
i will feel fall to harm of the left leg be aching and sit previous hourempty boundary happy skythe in the mind be then fidgety uneasy imitate fo to sit on the cushion of needles,sadness,joy,0.9995228,sadness → joy
The Redskin ’ s quarterback just threw a touchdown pass for seven points . We ’ re losing again .,sadness,anger,0.7889777,sadness → anger
Yay for Block Party! You're the BOMB! Blockheads &lt;3 Dave! Thanks for supporting NKOTB!,surprise,joy,0.68728554,surprise → joy
ive been feeling pretty rotten the last few days and havent really been able to muster much enthusiasm for blogging,neutral,joy,0.97078764,neutral → joy
"I stay calm,never act outta",anger,sadness,0.5146257,anger → sadness
I am really enjoying The Very Gaga Thanksgiving. It's pretty great!,surprise,joy,0.75293034,surprise → joy
"Everyone in my family, but my 8 year old brother, are in a bad mood.",joy,anger,0.8714808,joy → anger
"Together with a little brother I biked on a lonely road in the Polder. Then we were annoyed by a boy on a motorbike: he took over, stopped, took over, etc. Then we saw he had something in his hand, we turned until we came across a man, who accompanied us.",sadness,anger,0.9668033,sadness → anger
Miss simpatia: votem em mim!,sadness,surprise,0.54645795,sadness → surprise
Why thank you... Us Mami's are bringin' sexy back...,surprise,joy,0.49715,surprise → joy
good ill tell you why I don't want to show up next time I see you haha,surprise,sadness,0.5908649,surprise → sadness
i feel like these are more storage friendly and easy to bring with you when you are going to be traveling for a while like a vacation,anger,neutral,0.95915,anger → neutral
"good time Rocking out @ open mic, thanks 4 all the love n support. Now working on Business plan presentation. No CG again 2nite",love,joy,0.6890545,love → joy
poor person who gets your blood. they're gonna feel it. lol.,surprise,sadness,0.41929203,surprise → sadness
well aren't you just absolutely special. Haha special ed. I think I've received no new followers,joy,surprise,0.5057297,joy → surprise
did U watch the spelling bee contest ? winner: Kavya Shivshankar ! Impressive performance - i had not even heared most of the words b4,joy,surprise,0.5096012,joy → surprise
IN OTHER NEWS: its only 32 days left of shopping until xmas,joy,surprise,0.39278814,joy → surprise
Clear your schedule on 12•12•12 and pack our bags for Fiji. Lol,surprise,joy,0.39657313,surprise → joy
"specially when you're already burneded. wore mums shoes as well, and now im all blistered. it sucks balls..",anger,sadness,0.37733123,anger → sadness
Will you backdate city badges soon? I did my massive Europe tour with check-ins last year.,sadness,joy,0.48942366,sadness → joy
Captain Jack is back,sadness,joy,0.54742914,sadness → joy
We had to move to a very different city because the company where my father worked also moved to that place. It was very difficult for me to make new friends than.,anger,sadness,0.47988826,anger → sadness
tell him ill beat him up if he doesnt share,sadness,anger,0.72404027,sadness → anger
This may sound stupid... but i just bought a mask,joy,surprise,0.40058824,joy → surprise
"Me: I want two horses. Bud: Well that's good, we can get them with the money that's growing from the ground. SARCASM IS NOT REQUIRED!",anger,joy,0.4354108,anger → joy
NOOOOO!!!!!!! We have to do something immediately. I'm leaving in 2 weeks!!!,joy,sadness,0.5203597,joy → sadness
WHY?,sadness,anger,0.35104313,sadness → anger
Aww man. arrived. How-To Guide-less,sadness,joy,0.4907216,sadness → joy
the worst part waiting for winter break is im already in it but can't leave school till Tuesday. &amp; I have nothing to do till then.,anger,sadness,0.66623247,anger → sadness
"dude, saw your Twitter profile after a long time - love the background. way way cool!",sadness,surprise,0.40953165,sadness → surprise
Baking and marking tests :) can't wait for tonight! melsbday,surprise,joy,0.55932677,surprise → joy
The racoons ate our bread!,sadness,joy,0.36183804,sadness → joy
i only feel extremely shitty physically i don t have the anger about my situation anymore,neutral,anger,0.69390935,neutral → anger
Yay! The playdate is back on but my van's transmission is dead,surprise,sadness,0.4093736,surprise → sadness
My girlfriend wanted to breakup for an indefinite amt. of time. She said that she couldn't commit herself fully to the relationship without going out with other people. I was her first boyfriend.,sadness,anger,0.7250781,sadness → anger
right. If I show up I show up if I don't I don't,surprise,sadness,0.35724464,surprise → sadness
I swear like a trucker when I bake,anger,joy,0.27503824,anger → joy
Maybe until Wednesday?,surprise,sadness,0.41087106,surprise → sadness
awww shooks now im gon be all overprotective just incase you start cybercheatin on me lol,joy,sadness,0.40895322,joy → sadness
